validnost,melid,title,performer,call_start_solo,split_point_solo,response_end_solo_inclusive,call_notes,response_notes,length_ratio,call_idea_label,response_idea_label,mlu_relation,pitch_dtw,shape_dtw,call_pitches,response_pitches,napomena,candidate_source,call_seconds,response_seconds,duration_ratio,max_note_density,shared_exact_motif_fraction,automatski_status,review_rank,phrase_value,call_start_local,split_point_local,response_end_local_exclusive,phrase_start_index,phrase_end_index_inclusive,excerpt_midi
,124,Society Red,Dexter Gordon,276,287,297,11,11,1.0,#lick_blues,#lick_blues,variation,0.637377,0.637377,"[68, 65, 70, 68, 68, 68, 67, 68, 65, 63, 65]","[68, 65, 67, 70, 76, 77, 69, 70, 68, 65, 68]",,wjd_mlu_back_reference_v1,3.001859,3.1922,0.940373,3.664395,0.181818,VISOKO_POUZDAN_PREDLOG,1,mlu_001_n276_s287_e298,0,11,22,276,297,C:\Users\nikol\Desktop\jazzdialog\output\automatic_high_confidence_midis\melid_124_phrase_mlu_001_n276_s287_e298_split_11.mid
,313,Blues by Five,Miles Davis,21,28,34,7,7,1.0,melody,#melody,variation,0.83887,0.780625,"[73, 74, 73, 74, 75, 72, 65]","[72, 72, 73, 74, 70, 65, 58]",,wjd_mlu_back_reference_v1,1.901587,1.986553,0.957229,3.681135,0.285714,VISOKO_POUZDAN_PREDLOG,2,mlu_002_n21_s28_e35,0,7,14,21,34,C:\Users\nikol\Desktop\jazzdialog\output\automatic_high_confidence_midis\melid_313_phrase_mlu_002_n21_s28_e35_split_7.mid
,243,Blues on Sunday,Joshua Redman,29,42,54,13,13,1.0,#lick,#lick,variation,1.06617,1.718971,"[51, 54, 56, 58, 60, 61, 58, 51, 55, 56, 51, 54, 51]","[65, 61, 63, 61, 58, 51, 49, 56, 57, 51, 53, 54, 51]",,wjd_mlu_back_reference_v1,2.681905,2.61805,0.97619,4.965528,0.230769,VISOKO_POUZDAN_PREDLOG,3,mlu_003_n29_s42_e55,0,13,26,29,54,C:\Users\nikol\Desktop\jazzdialog\output\automatic_high_confidence_midis\melid_243_phrase_mlu_003_n29_s42_e55_split_13.mid
,192,Crazy Rhythm,J.J. Johnson,104,113,121,9,9,1.0,lick,#lick,variation,1.266217,1.558846,"[65, 64, 65, 60, 65, 65, 60, 69, 69]","[69, 69, 62, 69, 69, 62, 65, 65, 60]",,wjd_mlu_back_reference_v1,1.928571,2.006122,0.961343,4.666667,0.333333,VISOKO_POUZDAN_PREDLOG,4,mlu_004_n104_s113_e122,0,9,18,104,121,C:\Users\nikol\Desktop\jazzdialog\output\automatic_high_confidence_midis\melid_192_phrase_mlu_004_n104_s113_e122_split_9.mid
,345,Nothing Personal,Pat Metheny,19,26,32,7,7,1.0,lick,#lick,variation,1.586072,1.820453,"[55, 55, 53, 55, 52, 48, 45]","[45, 48, 52, 52, 53, 50, 46]",,wjd_mlu_back_reference_v1,1.529615,1.516644,0.99152,4.615454,0.142857,VISOKO_POUZDAN_PREDLOG,5,mlu_005_n19_s26_e33,0,7,14,19,32,C:\Users\nikol\Desktop\jazzdialog\output\automatic_high_confidence_midis\melid_345_phrase_mlu_005_n19_s26_e33_split_7.mid
,89,George's Dilemma,Clifford Brown,383,394,405,11,12,1.091,lick,#lick,variation,0.576222,0.616946,"[66, 69, 72, 76, 71, 69, 67, 69, 67, 67, 68]","[65, 66, 69, 73, 77, 78, 80, 78, 76, 73, 68, 61]",,wjd_mlu_back_reference_v1,2.410522,2.665488,0.904345,4.563328,0.181818,VISOKO_POUZDAN_PREDLOG,6,mlu_006_n383_s394_e406,0,11,23,383,405,C:\Users\nikol\Desktop\jazzdialog\output\automatic_high_confidence_midis\melid_89_phrase_mlu_006_n383_s394_e406_split_11.mid
,84,Togo,Chris Potter,887,897,907,10,11,1.1,#51lick,#lick,variation,2.646869,5.720978,"[81, 79, 58, 62, 67, 62, 72, 70, 67, 62]","[55, 58, 60, 62, 62, 67, 72, 67, 72, 70, 67]",,wjd_mlu_back_reference_v1,2.518367,2.412245,0.957861,4.560068,0.3,VISOKO_POUZDAN_PREDLOG,7,mlu_007_n887_s897_e908,0,10,21,887,907,C:\Users\nikol\Desktop\jazzdialog\output\automatic_high_confidence_midis\melid_84_phrase_mlu_007_n887_s897_e908_split_10.mid
,403,Cross-Fade,Steve Coleman,10,19,28,9,10,1.111,#melody,#melody,variation,0.547723,0.745356,"[73, 71, 72, 71, 69, 66, 64, 69, 69]","[69, 71, 72, 71, 68, 69, 67, 66, 67, 67]",,wjd_mlu_back_reference_v1,2.955102,2.963265,0.997245,3.374656,0.333333,VISOKO_POUZDAN_PREDLOG,8,mlu_008_n10_s19_e29,0,9,19,10,28,C:\Users\nikol\Desktop\jazzdialog\output\automatic_high_confidence_midis\melid_403_phrase_mlu_008_n10_s19_e29_split_9.mid
,340,Ramblin',Ornette Coleman,129,138,145,9,8,0.889,quote:?,#lick,variation,1.255543,0.360801,"[69, 69, 70, 69, 69, 74, 71, 67, 69]","[62, 66, 66, 67, 69, 66, 62, 59]",,wjd_mlu_back_reference_v1,1.991837,1.973469,0.990779,4.518443,0.25,VISOKO_POUZDAN_PREDLOG,9,mlu_009_n129_s138_e146,0,9,17,129,145,C:\Users\nikol\Desktop\jazzdialog\output\automatic_high_confidence_midis\melid_340_phrase_mlu_009_n129_s138_e146_split_9.mid
,265,Who's it,Kid Ory,39,47,55,8,9,1.125,theme:t1-4,#melody,variation,0.748331,0.720082,"[52, 53, 54, 55, 65, 64, 56, 57]","[53, 54, 55, 56, 60, 64, 62, 60, 60]",,wjd_mlu_back_reference_v1,3.639773,3.308571,0.909005,2.720207,0.375,VISOKO_POUZDAN_PREDLOG,10,mlu_010_n39_s47_e56,0,8,17,39,55,C:\Users\nikol\Desktop\jazzdialog\output\automatic_high_confidence_midis\melid_265_phrase_mlu_010_n39_s47_e56_split_8.mid
,401,Insensatez,Stan Getz,11,19,25,8,7,0.875,#melody,#melody,variation,1.212436,1.212436,"[52, 56, 59, 64, 55, 58, 64, 64]","[52, 55, 58, 64, 64, 64, 54]",,wjd_mlu_back_reference_v1,2.341497,2.54839,0.918814,3.416618,0.571429,VISOKO_POUZDAN_PREDLOG,11,mlu_011_n11_s19_e26,0,8,15,11,25,C:\Users\nikol\Desktop\jazzdialog\output\automatic_high_confidence_midis\melid_401_phrase_mlu_011_n11_s19_e26_split_8.mid
,426,Adam's Apple,Wayne Shorter,126,134,142,8,9,1.125,#lick,#lick,variation,1.613982,1.613982,"[63, 65, 68, 68, 65, 68, 70, 70]","[63, 65, 68, 68, 68, 64, 63, 62, 59]",,wjd_mlu_back_reference_v1,1.919184,1.8622,0.970308,4.832994,0.5,VISOKO_POUZDAN_PREDLOG,12,mlu_012_n126_s134_e143,0,8,17,126,142,C:\Users\nikol\Desktop\jazzdialog\output\automatic_high_confidence_midis\melid_426_phrase_mlu_012_n126_s134_e143_split_8.mid
,50,This Here,Cannonball Adderley,512,519,526,7,8,1.143,#lick,#lick,variation,0.637377,0.637377,"[60, 59, 62, 60, 65, 65, 69]","[60, 58, 62, 60, 65, 69, 65, 66]",,wjd_mlu_back_reference_v1,1.573197,1.729524,0.909613,4.625551,0.428571,VISOKO_POUZDAN_PREDLOG,13,mlu_013_n512_s519_e527,0,7,15,512,526,C:\Users\nikol\Desktop\jazzdialog\output\automatic_high_confidence_midis\melid_50_phrase_mlu_013_n512_s519_e527_split_7.mid
,141,Cognac Blues,Don Byas,0,7,14,7,8,1.143,lick,#lick,variation,0.875,0.875,"[53, 56, 58, 55, 58, 57, 53]","[53, 56, 58, 57, 58, 57, 60, 59]",,wjd_mlu_back_reference_v1,1.689252,1.753107,0.963576,4.563328,0.428571,VISOKO_POUZDAN_PREDLOG,14,mlu_014_n0_s7_e15,0,7,15,0,14,C:\Users\nikol\Desktop\jazzdialog\output\automatic_high_confidence_midis\melid_141_phrase_mlu_014_n0_s7_e15_split_7.mid
,291,Basin Street Blues,Louis Armstrong,70,81,89,11,9,0.818,lick,#lick,variation,1.691817,2.486407,"[65, 64, 67, 65, 70, 74, 77, 81, 81, 81, 74]","[81, 74, 81, 74, 82, 74, 81, 81, 74]",,wjd_mlu_back_reference_v1,2.246531,2.29619,0.978373,4.896439,0.333333,VISOKO_POUZDAN_PREDLOG,15,mlu_015_n70_s81_e90,0,11,20,70,89,C:\Users\nikol\Desktop\jazzdialog\output\automatic_high_confidence_midis\melid_291_phrase_mlu_015_n70_s81_e90_split_11.mid
,294,Got No Blues,Louis Armstrong,54,64,71,10,8,0.8,lick,#lick,variation,1.259285,3.146427,"[72, 71, 72, 73, 74, 75, 76, 77, 77, 77]","[81, 79, 77, 74, 69, 72, 72, 72]",,wjd_mlu_back_reference_v1,2.60644,2.644898,0.98546,3.836651,0.125,VISOKO_POUZDAN_PREDLOG,16,mlu_016_n54_s64_e72,0,10,18,54,71,C:\Users\nikol\Desktop\jazzdialog\output\automatic_high_confidence_midis\melid_294_phrase_mlu_016_n54_s64_e72_split_10.mid
,335,Work Song,Nat Adderley,138,146,155,8,10,1.25,lick,#lick,variation,0.571429,0.988212,"[77, 76, 75, 74, 72, 74, 75, 77]","[72, 74, 75, 77, 80, 79, 77, 75, 75, 74]",,wjd_mlu_back_reference_v1,2.275011,2.522449,0.901906,3.964401,0.5,VISOKO_POUZDAN_PREDLOG,17,mlu_017_n138_s146_e156,0,8,18,138,155,C:\Users\nikol\Desktop\jazzdialog\output\automatic_high_confidence_midis\melid_335_phrase_mlu_017_n138_s146_e156_split_8.mid
,150,Sweet and Lovely,Don Ellis,9,20,27,11,8,0.727,#line_t_alds,#melody,variation,0.923077,1.617215,"[59, 60, 62, 64, 67, 70, 72, 73, 75, 76, 68]","[65, 68, 69, 72, 74, 63, 62, 70]",,wjd_mlu_back_reference_v1,2.75737,2.576417,0.934375,3.989309,0.125,VISOKO_POUZDAN_PREDLOG,18,mlu_018_n9_s20_e28,0,11,19,9,27,C:\Users\nikol\Desktop\jazzdialog\output\automatic_high_confidence_midis\melid_150_phrase_mlu_018_n9_s20_e28_split_11.mid
,353,The Girl from East 9th Street,Paul Desmond,113,124,131,11,8,0.727,lick,#lick,variation,1.053269,0.907485,"[68, 67, 68, 67, 65, 63, 61, 63, 63, 70, 75]","[63, 70, 70, 75, 75, 70, 70, 63]",,wjd_mlu_back_reference_v1,2.530612,2.518367,0.995161,4.346774,0.25,VISOKO_POUZDAN_PREDLOG,19,mlu_019_n113_s124_e132,0,11,19,113,131,C:\Users\nikol\Desktop\jazzdialog\output\automatic_high_confidence_midis\melid_353_phrase_mlu_019_n113_s124_e132_split_11.mid
,80,In a Sentimental Mood,Chris Potter,59,75,85,16,11,0.688,lick,#lick,variation,0.995836,2.083843,"[57, 61, 64, 68, 69, 68, 69, 67, 66, 67, 65, 64, 65, 67, 66, 67]","[65, 64, 63, 64, 65, 64, 65, 64, 60, 57, 57]",,wjd_mlu_back_reference_v1,3.371247,3.304512,0.980205,4.746018,0.272727,VISOKO_POUZDAN_PREDLOG,20,mlu_020_n59_s75_e86,0,16,27,59,85,C:\Users\nikol\Desktop\jazzdialog\output\automatic_high_confidence_midis\melid_80_phrase_mlu_020_n59_s75_e86_split_16.mid
,169,Society Red,Freddie Hubbard,212,224,239,12,16,1.333,#17lick,#lick,variation,0.569298,0.766485,"[80, 79, 77, 75, 74, 72, 68, 67, 65, 63, 62, 60]","[72, 74, 72, 67, 68, 67, 65, 60, 62, 64, 63, 60, 62, 63, 62, 61]",,wjd_mlu_back_reference_v1,3.889342,3.845805,0.988806,4.160377,0.25,VISOKO_POUZDAN_PREDLOG,21,mlu_021_n212_s224_e240,0,12,28,212,239,C:\Users\nikol\Desktop\jazzdialog\output\automatic_high_confidence_midis\melid_169_phrase_mlu_021_n212_s224_e240_split_12.mid
,286,Dinah,Lionel Hampton,174,185,191,11,7,0.636,#lick,#lick,variation,0.642824,0.642824,"[68, 68, 71, 68, 65, 64, 63, 68, 71, 68, 71]","[68, 68, 71, 68, 71, 68, 71]",,wjd_mlu_back_reference_v1,3.344898,3.319819,0.992502,3.288591,0.571429,VISOKO_POUZDAN_PREDLOG,22,mlu_022_n174_s185_e192,0,11,18,174,191,C:\Users\nikol\Desktop\jazzdialog\output\automatic_high_confidence_midis\melid_286_phrase_mlu_022_n174_s185_e192_split_11.mid
,196,Walkin',J.J. Johnson,377,388,394,11,7,0.636,lick,#lick,variation,1.732051,1.241862,"[65, 68, 70, 71, 71, 70, 70, 68, 68, 65, 65]","[63, 60, 58, 55, 58, 58, 58]",,wjd_mlu_back_reference_v1,2.56,2.731247,0.937301,4.296875,0.0,VISOKO_POUZDAN_PREDLOG,23,mlu_023_n377_s388_e395,0,11,18,377,394,C:\Users\nikol\Desktop\jazzdialog\output\automatic_high_confidence_midis\melid_196_phrase_mlu_023_n377_s388_e395_split_11.mid
,147,I Love You,Don Ellis,14,26,32,12,7,0.583,#lick,#melody,variation,1.111168,1.241862,"[72, 69, 65, 61, 75, 72, 79, 76, 71, 69, 67, 64]","[78, 75, 71, 73, 68, 64, 63]",,wjd_mlu_back_reference_v1,4.913923,5.256735,0.934786,2.442041,0.142857,VISOKO_POUZDAN_PREDLOG,24,mlu_024_n14_s26_e33,0,12,19,14,32,C:\Users\nikol\Desktop\jazzdialog\output\automatic_high_confidence_midis\melid_147_phrase_mlu_024_n14_s26_e33_split_12.mid
,430,Eighty-One,Wayne Shorter,311,320,332,9,13,1.444,lick,#lick,variation,0.54569,0.54569,"[69, 72, 74, 77, 70, 74, 70, 67, 66]","[69, 67, 65, 67, 69, 71, 77, 72, 74, 77, 70, 72, 70]",,wjd_mlu_back_reference_v1,2.877551,2.742857,0.953191,4.739583,0.444444,VISOKO_POUZDAN_PREDLOG,25,mlu_025_n311_s320_e333,0,9,22,311,332,C:\Users\nikol\Desktop\jazzdialog\output\automatic_high_confidence_midis\melid_430_phrase_mlu_025_n311_s320_e333_split_9.mid
,316,Eighty-One,Miles Davis,241,252,267,11,16,1.455,melody,#melody,variation,0.499134,0.499134,"[77, 79, 77, 75, 72, 70, 69, 70, 68, 65, 67]","[77, 79, 77, 75, 72, 65, 68, 70, 69, 70, 70, 70, 68, 71, 70, 71]",,wjd_mlu_back_reference_v1,3.546939,3.85941,0.919036,4.145711,0.454545,VISOKO_POUZDAN_PREDLOG,26,mlu_026_n241_s252_e268,0,11,27,241,267,C:\Users\nikol\Desktop\jazzdialog\output\automatic_high_confidence_midis\melid_316_phrase_mlu_026_n241_s252_e268_split_11.mid
