jazzdialog_id,dataset_version,source_pair_id,wjd_melid,title,performer,instrument,style,avgtempo_bpm,tempo_class,rhythm_feel,key,time_signature,evaluation_group,call_start_note,call_end_note_exclusive,response_start_note,response_end_note_exclusive,call_start_seconds,response_start_seconds,response_end_seconds,call_note_count,response_note_count,call_pitches,response_pitches,candidate_source,candidate_family,annotation_status,midi_member,overlap_group,overlapping_pair_ids,preferred_annotation_id
JD0001,1.0.0,wjd:2:444:452:465,2,Blues for Blanche,Art Pepper,as,COOL,198.9,UP,SWING,Eb-maj,4/4,wjd-solo:2,444,452,452,465,119.08934240362812,121.21687074829931,122.95256235827664,8,13,"[73, 72, 70, 72, 73, 72, 70, 72]","[73, 72, 70, 72, 73, 72, 70, 73, 73, 72, 70, 72, 70]",verzija_7bd878a,wjd_phrase_split,human_confirmed,output/wjd_phrase_excerpts/melid_2_phrase_38_39_split_8.mid,,[],
JD0002,1.0.0,wjd:2:506:519:531,2,Blues for Blanche,Art Pepper,as,COOL,198.9,UP,SWING,Eb-maj,4/4,wjd-solo:2,506,519,519,531,134.02267573696145,136.66122448979593,138.1530612244898,13,12,"[58, 61, 63, 58, 61, 63, 58, 61, 60, 58, 60, 63, 61]","[58, 61, 63, 60, 58, 60, 63, 58, 60, 61, 63, 61]",verzija_7bd878a,wjd_phrase_split,human_confirmed,output/wjd_phrase_excerpts/melid_2_phrase_43_44_split_13.mid,,[],
JD0003,1.0.0,wjd:4:317:328:336,4,In a Mellow Tone,Art Pepper,cl,COOL,167.6,MEDIUM UP,SWING,Eb-maj,4/4,wjd-solo:4,317,328,328,336,106.62458049886621,108.56734693877551,109.95510204081633,11,8,"[78, 79, 78, 75, 77, 79, 77, 73, 75, 75, 77]","[75, 78, 79, 77, 75, 77, 75, 77]",wjd_mlu_back_reference_v1,wjd_midlevel_unit_link,human_confirmed,output/mlu_review_midis/melid_4_phrase_mlu_006_split_11.mid,,[],
JD0004,1.0.0,wjd:6:17:24:31,6,Stardust,Art Pepper,as,COOL,60.2,SLOW,BALLAD,Eb-maj,4/4,wjd-solo:6,17,24,24,31,11.749297052154194,13.746213151927437,15.528344671201815,7,7,"[63, 63, 68, 68, 68, 70, 72]","[63, 63, 68, 68, 68, 70, 71]",verzija_7bd878a,wjd_phrase_split,human_confirmed,output/wjd_phrase_excerpts/melid_6_phrase_4_5_split_7.mid,,[],
JD0005,1.0.0,wjd:6:792:797:804,6,Stardust,Art Pepper,as,COOL,60.2,SLOW,BALLAD,Eb-maj,4/4,wjd-solo:6,792,797,797,804,254.96326530612245,257.0274829931973,259.5326530612245,5,7,"[62, 63, 63, 63, 63]","[63, 63, 63, 63, 63, 63, 66]",verzija_7bd878a,wjd_phrase_split,human_confirmed,output/wjd_phrase_excerpts/melid_6_phrase_91_92_split_5.mid,,[],
JD0006,1.0.0,wjd:21:185:193:200,21,Bye Bye Blackbird,Ben Webster,ts,SWING,140.8,MEDIUM UP,SWING,G-maj,4/4,wjd-solo:21,185,193,193,200,78.74394557823129,81.08163265306122,82.76122448979591,8,7,"[63, 64, 65, 69, 69, 65, 57, 57]","[58, 60, 64, 64, 60, 52, 52]",wjd_mlu_back_reference_v1,wjd_midlevel_unit_link,human_confirmed,output/mlu_review_midis/melid_21_phrase_mlu_082_n185_s193_e200_split_8.mid,,[],
JD0007,1.0.0,wjd:25:136:144:155,25,Where or When,Ben Webster,ts,SWING,82.1,MEDIUM SLOW,SWING,Ab-maj,4/4,wjd-solo:25,136,144,144,155,67.28562358276643,70.06040816326531,73.15736961451248,8,11,"[53, 56, 57, 58, 59, 63, 61, 53]","[53, 56, 63, 61, 56, 58, 59, 60, 59, 60, 60]",wjd_mlu_back_reference_v1,wjd_midlevel_unit_link,human_confirmed,output/mlu_review_midis/melid_25_phrase_mlu_076_n136_s144_e155_split_8.mid,,[],
JD0008,1.0.0,wjd:7:402:415:429,7,I Got It Bad,Benny Carter,as,SWING,68.2,SLOW,SWING,Db-maj,4/4,wjd-solo:7,402,415,415,429,122.4530612244898,125.19183673469388,127.51428571428572,13,14,"[61, 68, 70, 68, 66, 68, 70, 68, 66, 72, 73, 68, 61]","[61, 68, 70, 68, 66, 72, 73, 68, 61, 67, 68, 66, 61, 56]",verzija_7bd878a,wjd_phrase_split,human_confirmed,output/wjd_phrase_excerpts/melid_7_phrase_23_24_split_13.mid,,[],
JD0009,1.0.0,wjd:9:65:72:81,9,It's a Wonderful World,Benny Carter,as,SWING,127.2,MEDIUM,SWING,C-maj,4/4,wjd-solo:9,65,72,72,81,19.853061224489796,21.945918367346938,23.338956916099775,7,9,"[67, 69, 67, 71, 72, 69, 63]","[64, 67, 69, 67, 70, 72, 69, 63, 62]",wjd_mlu_back_reference_v1,wjd_midlevel_unit_link,human_confirmed,output/mlu_review_midis/melid_9_phrase_mlu_007_split_7.mid,,[],
JD0010,1.0.0,wjd:9:118:130:140,9,It's a Wonderful World,Benny Carter,as,SWING,127.2,MEDIUM,SWING,C-maj,4/4,wjd-solo:9,118,130,130,140,31.84591836734694,34.26938775510204,35.68571428571429,12,10,"[62, 64, 67, 69, 72, 72, 74, 72, 69, 72, 74, 76]","[69, 72, 71, 72, 74, 72, 69, 72, 78, 79]",wjd_mlu_variation_followup_v1,wjd_midlevel_unit_link,human_confirmed,output/variation_followup_review_midis/melid_9_phrase_mlu_001_n118_s130_e140_split_12.mid,,[],
JD0011,1.0.0,wjd:14:54:67:73,14,Avalon,Benny Goodman,cl,SWING,241.0,UP,SWING,Eb-maj,4/4,wjd-solo:14,54,67,67,73,16.279591836734692,18.43954648526077,19.824489795918367,13,6,"[73, 74, 77, 74, 79, 76, 77, 75, 72, 70, 75, 72, 75]","[78, 77, 75, 72, 75, 72]",manual_boundary_correction,manual_reference,human_confirmed,output/wjd_phrase_excerpts/melid_14_phrase_6_split_13.mid,overlap:wjd:14:54:67:73,"[""wjd:14:57:66:73""]",wjd:14:54:67:73
JD0012,1.0.0,wjd:14:57:66:73,14,Avalon,Benny Goodman,cl,SWING,241.0,UP,SWING,Eb-maj,4/4,wjd-solo:14,57,66,66,73,16.691836734693876,18.06734693877551,19.824489795918367,9,7,"[74, 79, 76, 77, 75, 72, 70, 75, 72]","[75, 78, 77, 75, 72, 75, 72]",WJD_fraza_skracene_ivice,wjd_phrase_split,human_confirmed,output/wjd_phrase_excerpts/melid_14_phrase_6_start_3_split_12_end_19.mid,overlap:wjd:14:54:67:73,"[""wjd:14:54:67:73""]",wjd:14:54:67:73
JD0013,1.0.0,wjd:34:117:125:137,34,Nature of the Beast,Bob Berg,ts,POSTBOP,131.8,MEDIUM,LATIN,C-min,4/4,wjd-solo:34,117,125,125,137,46.97687074829932,48.78512471655329,50.80526077097506,8,12,"[53, 60, 62, 63, 65, 61, 62, 60]","[70, 69, 65, 67, 63, 62, 60, 65, 67, 62, 63, 60]",wjd_mlu_back_reference_v1,wjd_midlevel_unit_link,human_confirmed,output/mlu_review_midis/melid_34_phrase_mlu_033_n117_s125_e137_split_8.mid,,[],
JD0014,1.0.0,wjd:35:0:9:21,35,No Moe,Bob Berg,ts,POSTBOP,161.8,MEDIUM UP,SWING,Bb-maj,4/4,wjd-solo:35,0,9,9,21,3.500408163265306,6.5081632653061225,9.258956916099773,9,12,"[63, 68, 70, 73, 75, 71, 73, 70, 68]","[63, 67, 70, 74, 75, 73, 70, 68, 65, 63, 61, 58]",wjd_mlu_back_reference_v1,wjd_midlevel_unit_link,human_confirmed,output/mlu_review_midis/melid_35_phrase_mlu_059_n0_s9_e21_split_9.mid,,[],
JD0015,1.0.0,wjd:41:322:334:343,41,The Nearness of You,Branford Marsalis,ts,POSTBOP,36.8,SLOW,SWING,D-maj,4/4,wjd-solo:41,322,334,334,343,128.27142857142857,132.84591836734694,134.84408163265306,12,9,"[57, 57, 54, 57, 62, 62, 54, 57, 62, 54, 57, 62]","[55, 59, 62, 55, 59, 62, 55, 59, 62]",wjd_mlu_back_reference_v1,wjd_midlevel_unit_link,human_confirmed,output/mlu_review_midis/melid_41_phrase_mlu_017_split_12.mid,,[],
JD0016,1.0.0,wjd:42:649:658:672,42,Three Little Words,Branford Marsalis,ts,POSTBOP,264.3,UP,SWING,C-maj,4/4,wjd-solo:42,649,658,658,672,117.48716553287981,119.2954195011338,121.54485260770974,9,14,"[64, 63, 64, 55, 57, 60, 57, 63, 64]","[64, 65, 63, 64, 60, 55, 53, 58, 59, 60, 59, 60, 59, 60]",wjd_mlu_back_reference_v1,wjd_midlevel_unit_link,human_confirmed,output/mlu_review_midis/melid_42_phrase_mlu_087_n649_s658_e672_split_9.mid,,[],
JD0017,1.0.0,wjd:42:1065:1074:1082,42,Three Little Words,Branford Marsalis,ts,POSTBOP,264.3,UP,SWING,C-maj,4/4,wjd-solo:42,1065,1074,1074,1082,189.29487528344671,191.1524716553288,192.85043083900226,9,8,"[60, 63, 64, 67, 64, 67, 65, 62, 67]","[60, 63, 64, 67, 64, 67, 65, 67]",wjd_mlu_back_reference_v1,wjd_midlevel_unit_link,human_confirmed,output/mlu_review_midis/melid_42_phrase_mlu_004_split_9.mid,,[],
JD0018,1.0.0,wjd:43:619:633:647,43,U.M.M.G.,Branford Marsalis,ts,POSTBOP,211.6,UP,SWING,Db-maj,4/4,wjd-solo:43,619,633,633,647,134.42612244897958,136.69297052154195,138.5795918367347,14,14,"[63, 60, 63, 61, 63, 61, 63, 59, 63, 59, 63, 58, 63, 58]","[63, 58, 63, 58, 63, 58, 63, 58, 62, 58, 62, 58, 62, 58]",wjd_mlu_back_reference_v1,wjd_midlevel_unit_link,human_confirmed,output/mlu_review_midis/melid_43_phrase_mlu_008_split_14.mid,,[],
JD0019,1.0.0,wjd:50:512:519:527,50,This Here,Cannonball Adderley,as,HARDBOP,174.7,MEDIUM UP,SWING,F-maj,3/4,wjd-solo:50,512,519,519,527,104.50501133786848,106.56,108.28952380952381,7,8,"[60, 59, 62, 60, 65, 65, 69]","[60, 58, 62, 60, 65, 69, 65, 66]",wjd_mlu_back_reference_v1,wjd_midlevel_unit_link,human_confirmed,output/automatic_high_confidence_midis/melid_50_phrase_mlu_013_n512_s519_e527_split_7.mid,,[],
JD0020,1.0.0,wjd:50:664:674:688,50,This Here,Cannonball Adderley,as,HARDBOP,174.7,MEDIUM UP,SWING,F-maj,3/4,wjd-solo:50,664,674,674,688,136.53501133786847,139.62739229024945,143.02433106575964,10,14,"[72, 75, 77, 75, 70, 72, 71, 69, 68, 65]","[67, 69, 70, 71, 72, 75, 77, 77, 75, 72, 71, 70, 68, 65]",wjd_mlu_rapid_harvest_v1,wjd_midlevel_unit_link,human_confirmed,output/rapid_harvest_review_midis/melid_50_phrase_mlu_006_n664_s674_e688_split_10.mid,,[],
JD0021,1.0.0,wjd:51:131:139:149,51,Work Song,Cannonball Adderley,as,HARDBOP,156.3,MEDIUM UP,SWING,F-min,4/4,wjd-solo:51,131,139,139,149,39.60612244897959,42.666666666666664,44.93755102040816,8,10,"[61, 62, 62, 65, 67, 68, 65, 65]","[62, 65, 68, 70, 70, 70, 71, 71, 72, 74]",wjd_mlu_back_reference_v1,wjd_midlevel_unit_link,human_confirmed,output/mlu_review_midis/melid_51_phrase_mlu_042_n131_s139_e149_split_8.mid,,[],
JD0022,1.0.0,wjd:52:67:82:93,52,Billie's Bounce,Charlie Parker,as,BEBOP,158.5,MEDIUM UP,SWING,F-maj,4/4,wjd-solo:52,67,82,82,93,19.600544217687077,22.938412698412698,24.942585034013604,15,11,"[65, 68, 70, 69, 70, 71, 71, 71, 70, 68, 65, 69, 70, 71, 70]","[65, 68, 69, 70, 71, 72, 73, 72, 69, 65, 63]",wjd_mlu_back_reference_v1,wjd_midlevel_unit_link,human_confirmed,output/mlu_review_midis/melid_52_phrase_mlu_091_n67_s82_e93_split_15.mid,,[],
JD0023,1.0.0,wjd:67:305:319:330,67,Thriving on a Riff,Charlie Parker,as,BEBOP,227.2,UP,SWING,Bb-maj,4/4,wjd-solo:67,305,319,319,330,63.018956916099775,65.1116553287982,66.81832199546486,14,11,"[65, 67, 68, 70, 72, 74, 70, 72, 70, 67, 66, 72, 73, 74]","[65, 67, 68, 70, 73, 74, 72, 70, 67, 69, 65]",wjd_mlu_back_reference_v1,wjd_midlevel_unit_link,human_confirmed,output/mlu_review_midis/melid_67_phrase_mlu_080_n305_s319_e330_split_14.mid,,[],
JD0024,1.0.0,wjd:70:0:9:21,70,I Fall in Love Too Easily,Chet Baker,tp,COOL,65.2,SLOW,SWING,Eb-maj,4/4,wjd-solo:70,0,9,9,21,3.5673469387755103,9.306848072562358,14.86734693877551,9,12,"[67, 68, 67, 67, 65, 67, 68, 70, 70]","[57, 58, 60, 62, 63, 62, 61, 62, 63, 65, 67, 67]",wjd_mlu_variation_followup_v1,wjd_midlevel_unit_link,human_confirmed,output/variation_followup_review_midis/melid_70_phrase_mlu_009_n0_s9_e21_split_9.mid,,[],
JD0025,1.0.0,wjd:70:44:52:61,70,I Fall in Love Too Easily,Chet Baker,tp,COOL,65.2,SLOW,SWING,Eb-maj,4/4,wjd-solo:70,44,52,52,61,23.496938775510205,27.071428571428573,29.946485260770974,8,9,"[62, 63, 59, 62, 60, 63, 59, 62]","[60, 63, 65, 62, 64, 65, 64, 63, 62]",rucna_referenca_tacna,manual_reference,human_confirmed,output/wjd_phrase_excerpts/melid_70_phrase_3_start_23_split_31_end_40.mid,,[],
JD0026,1.0.0,wjd:70:66:77:86,70,I Fall in Love Too Easily,Chet Baker,tp,COOL,65.2,SLOW,SWING,Eb-maj,4/4,wjd-solo:70,66,77,77,86,35.57732426303855,38.49578231292517,44.007619047619045,11,9,"[71, 72, 74, 67, 67, 67, 67, 68, 67, 66, 67]","[69, 70, 72, 73, 64, 64, 65, 67, 68]",cela_WJD_fraza,wjd_phrase_split,human_confirmed,output/wjd_phrase_excerpts/melid_70_phrase_5_split_11.mid,,[],
JD0027,1.0.0,wjd:70:86:93:99,70,I Fall in Love Too Easily,Chet Baker,tp,COOL,65.2,SLOW,SWING,Eb-maj,4/4,wjd-solo:70,86,93,93,99,45.88979591836735,48.3004081632653,50.20612244897959,7,6,"[65, 67, 68, 70, 67, 63, 60]","[69, 70, 66, 66, 63, 58]",cela_WJD_fraza,wjd_phrase_split,human_confirmed,output/wjd_phrase_excerpts/melid_70_phrase_6_split_7.mid,,[],
JD0028,1.0.0,wjd:71:0:8:24,71,Just Friends,Chet Baker,tp,COOL,189.9,UP,SWING,G-maj,4/4,wjd-solo:71,0,8,8,24,3.427845804988662,5.362358276643991,9.077551020408162,8,16,"[64, 67, 69, 71, 64, 67, 69, 70]","[64, 67, 69, 69, 70, 69, 67, 65, 67, 65, 63, 58, 60, 62, 64, 66]",cela_WJD_fraza,wjd_phrase_split,human_confirmed,output/wjd_phrase_excerpts/melid_71_phrase_1_split_8.mid,,[],
JD0029,1.0.0,wjd:71:139:155:166,71,Just Friends,Chet Baker,tp,COOL,189.9,UP,SWING,G-maj,4/4,wjd-solo:71,139,155,155,166,40.41836734693877,45.08571428571429,48.506122448979596,16,11,"[76, 74, 71, 69, 67, 69, 66, 67, 67, 69, 66, 67, 69, 71, 67, 69]","[74, 71, 74, 71, 69, 67, 59, 63, 57, 59, 60]",manual_reference_import,manual_reference,human_confirmed,output/wjd_phrase_excerpts/manual_15_melid_71.mid,,[],
JD0030,1.0.0,wjd:72:19:24:34,72,Let's Get Lost,Chet Baker,tp,COOL,157.5,MEDIUM UP,SWING,C-maj,4/4,wjd-solo:72,19,24,24,34,8.187755102040816,11.932154195011337,15.703061224489796,5,10,"[64, 67, 65, 69, 64]","[79, 77, 81, 79, 76, 73, 77, 74, 76, 74]",manual_reference_import,manual_reference,human_confirmed,output/wjd_phrase_excerpts/manual_16_melid_72.mid,,[],
JD0031,1.0.0,wjd:73:39:45:67,73,Long Ago and Far Away,Chet Baker,tp,COOL,177.5,MEDIUM UP,SWING,G-maj,4/4,wjd-solo:73,39,45,45,67,15.16843537414966,16.480362811791384,21.40879818594104,6,22,"[70, 73, 74, 70, 67, 63]","[67, 70, 71, 72, 69, 65, 62, 65, 69, 69, 70, 67, 63, 60, 62, 64, 65, 66, 69, 66, 64, 57]",cela_WJD_fraza,wjd_phrase_split,human_confirmed,output/wjd_phrase_excerpts/melid_73_phrase_4_split_6.mid,overlap:wjd:73:39:45:67,"[""wjd:73:39:55:67"", ""wjd:73:39:56:67""]",wjd:73:39:55:67
JD0032,1.0.0,wjd:73:39:55:67,73,Long Ago and Far Away,Chet Baker,tp,COOL,177.5,MEDIUM UP,SWING,G-maj,4/4,wjd-solo:73,39,55,55,67,15.16843537414966,18.279909297052154,21.40879818594104,16,12,"[70, 73, 74, 70, 67, 63, 67, 70, 71, 72, 69, 65, 62, 65, 69, 69]","[70, 67, 63, 60, 62, 64, 65, 66, 69, 66, 64, 57]",rucna_referenca_tacna,manual_reference,human_confirmed,output/wjd_phrase_excerpts/melid_73_phrase_4_split_16.mid,overlap:wjd:73:39:45:67,"[""wjd:73:39:45:67"", ""wjd:73:39:56:67""]",wjd:73:39:55:67
JD0033,1.0.0,wjd:73:39:56:67,73,Long Ago and Far Away,Chet Baker,tp,COOL,177.5,MEDIUM UP,SWING,G-maj,4/4,wjd-solo:73,39,56,56,67,15.16843537414966,18.634013605442178,21.40879818594104,17,11,"[70, 73, 74, 70, 67, 63, 67, 70, 71, 72, 69, 65, 62, 65, 69, 69, 70]","[67, 63, 60, 62, 64, 65, 66, 69, 66, 64, 57]",manual_reference_import,manual_reference,human_confirmed,output/wjd_phrase_excerpts/manual_17_melid_73.mid,overlap:wjd:73:39:45:67,"[""wjd:73:39:45:67"", ""wjd:73:39:55:67""]",
JD0034,1.0.0,wjd:74:132:146:156,74,There Will Never Be Another You,Chet Baker,tp,COOL,168.7,MEDIUM UP,SWING,F-maj,4/4,wjd-solo:74,132,146,146,156,39.88607709750567,43.4969387755102,46.19609977324263,14,10,"[67, 65, 67, 65, 67, 65, 67, 65, 67, 65, 68, 65, 68, 65]","[67, 65, 67, 65, 67, 65, 76, 74, 76, 74]",rucna_referenca_tacna,manual_reference,human_confirmed,output/wjd_phrase_excerpts/melid_74_phrase_8_start_0_split_14_end_24.mid,overlap:wjd:74:132:146:156,"[""wjd:74:132:148:179""]",wjd:74:132:146:156
JD0035,1.0.0,wjd:74:132:148:179,74,There Will Never Be Another You,Chet Baker,tp,COOL,168.7,MEDIUM UP,SWING,F-maj,4/4,wjd-solo:74,132,148,148,179,39.88607709750567,43.9765306122449,50.976507936507936,16,31,"[67, 65, 67, 65, 67, 65, 67, 65, 67, 65, 68, 65, 68, 65, 67, 65]","[67, 65, 67, 65, 76, 74, 76, 74, 79, 76, 74, 72, 74, 76, 77, 76, 77, 76, 74, 73, 72, 62, 65, 70, 67, 68, 69, 67, 65, 62, 62]",cela_WJD_fraza,wjd_phrase_split,human_confirmed,output/wjd_phrase_excerpts/melid_74_phrase_8_split_16.mid,overlap:wjd:74:132:146:156,"[""wjd:74:132:146:156""]",wjd:74:132:146:156
JD0036,1.0.0,wjd:76:118:124:162,76,Two's Blues,Chet Baker,tp,COOL,202.2,UP,SWING,G-min,4/4,wjd-solo:76,118,124,124,162,48.90408163265306,51.107142857142854,58.591201814058955,6,38,"[81, 77, 74, 70, 74, 77]","[81, 77, 74, 75, 74, 73, 74, 77, 75, 72, 74, 75, 79, 77, 76, 75, 74, 72, 70, 69, 70, 72, 74, 70, 65, 69, 70, 68, 66, 67, 69, 70, 72, 74, 77, 75, 77, 79]",cela_WJD_fraza,wjd_phrase_split,human_confirmed,output/wjd_phrase_excerpts/melid_76_phrase_9_split_6.mid,,[],
JD0037,1.0.0,wjd:79:912:919:926,79,Arjuna,Chris Potter,ts,FUSION,117.7,MEDIUM,FUNK,D-chrom,4/4,wjd-solo:79,912,919,919,926,174.96961451247165,176.15238095238095,177.49913832199547,7,7,"[76, 78, 81, 76, 78, 76, 78]","[76, 78, 81, 81, 83, 78, 78]",wjd_mlu_back_reference_v1,wjd_midlevel_unit_link,human_confirmed,output/mlu_review_midis/melid_79_phrase_mlu_009_split_7.mid,,[],
JD0038,1.0.0,wjd:79:951:961:970,79,Arjuna,Chris Potter,ts,FUSION,117.7,MEDIUM,FUNK,D-chrom,4/4,wjd-solo:79,951,961,961,970,182.05605442176872,184.15,185.9387755102041,10,9,"[76, 78, 81, 76, 78, 81, 83, 78, 78, 78]","[81, 78, 76, 81, 78, 75, 73, 71, 71]",wjd_mlu_rapid_harvest_v1,wjd_midlevel_unit_link,human_confirmed,output/rapid_harvest_review_midis/melid_79_phrase_mlu_013_n951_s961_e970_split_10.mid,,[],
JD0039,1.0.0,wjd:80:203:211:221,80,In a Sentimental Mood,Chris Potter,ts,POSTBOP,48.6,SLOW,SWING,D-min,4/4,wjd-solo:80,203,211,211,221,59.546122448979595,61.872471655328795,63.77215419501134,8,10,"[62, 62, 62, 62, 65, 60, 58, 57]","[65, 67, 64, 65, 62, 65, 60, 58, 57, 55]",wjd_mlu_back_reference_v1,wjd_midlevel_unit_link,human_confirmed,output/mlu_review_midis/melid_80_phrase_mlu_007_n203_s211_e221_split_8.mid,,[],
JD0040,1.0.0,wjd:83:283:297:311,83,Rumples,Chris Potter,ts,FUSION,134.9,MEDIUM,FUNK,F-min,4/4,wjd-solo:83,283,297,297,311,50.00734693877551,51.916326530612245,53.38666666666666,14,14,"[71, 68, 70, 71, 70, 67, 69, 70, 69, 66, 68, 69, 68, 65]","[67, 68, 69, 70, 66, 67, 68, 70, 71, 68, 69, 71, 72, 68]",wjd_mlu_back_reference_v1,wjd_midlevel_unit_link,human_confirmed,output/mlu_review_midis/melid_83_phrase_mlu_006_split_14.mid,,[],
JD0041,1.0.0,wjd:84:291:304:318,84,Togo,Chris Potter,ts,FUSION,112.0,MEDIUM,FUNK,F-min,4/4,wjd-solo:84,291,304,304,318,72.85306122448979,76.03673469387755,79.0,13,14,"[69, 67, 65, 69, 67, 65, 67, 65, 62, 65, 67, 67, 67]","[69, 67, 65, 69, 67, 65, 72, 70, 69, 67, 65, 67, 67, 67]",wjd_mlu_back_reference_v1,wjd_midlevel_unit_link,human_confirmed,output/mlu_review_midis/melid_84_phrase_mlu_002_split_13.mid,,[],
JD0042,1.0.0,wjd:84:382:389:397,84,Togo,Chris Potter,ts,FUSION,112.0,MEDIUM,FUNK,F-min,4/4,wjd-solo:84,382,389,389,397,93.61632653061224,95.26530612244898,96.50204081632653,7,8,"[67, 69, 67, 67, 65, 65, 65]","[62, 65, 67, 65, 65, 62, 62, 62]",wjd_mlu_rapid_harvest_v1,wjd_midlevel_unit_link,human_confirmed,output/rapid_harvest_review_midis/melid_84_phrase_mlu_005_n382_s389_e397_split_7.mid,,[],
JD0043,1.0.0,wjd:84:887:897:908,84,Togo,Chris Potter,ts,FUSION,112.0,MEDIUM,FUNK,F-min,4/4,wjd-solo:84,887,897,897,908,186.5265306122449,189.71020408163264,192.12244897959184,10,11,"[81, 79, 58, 62, 67, 62, 72, 70, 67, 62]","[55, 58, 60, 62, 62, 67, 72, 67, 72, 70, 67]",wjd_mlu_back_reference_v1,wjd_midlevel_unit_link,human_confirmed,output/automatic_high_confidence_midis/melid_84_phrase_mlu_007_n887_s897_e908_split_10.mid,,[],
JD0044,1.0.0,wjd:93:348:365:379,93,Joy Spring,Clifford Brown,tp,HARDBOP,161.0,MEDIUM UP,SWING,F-maj,4/4,wjd-solo:93,348,365,365,379,72.87346938775511,76.8265306122449,79.3620634920635,17,14,"[69, 72, 75, 72, 73, 74, 79, 74, 72, 68, 67, 69, 70, 64, 65, 62, 64]","[71, 72, 77, 72, 70, 68, 69, 65, 67, 68, 62, 63, 60, 62]",wjd_mlu_back_reference_v1,wjd_midlevel_unit_link,human_confirmed,output/mlu_review_midis/melid_93_phrase_mlu_013_split_17.mid,,[],
JD0045,1.0.0,wjd:96:564:572:581,96,Body and Soul,Coleman Hawkins,ts,SWING,95.0,MEDIUM SLOW,SWING,Db-maj,4/4,wjd-solo:96,564,572,572,581,154.1795918367347,156.68571428571428,158.82448979591837,8,9,"[58, 58, 64, 71, 76, 70, 64, 58]","[58, 58, 65, 70, 77, 70, 65, 60, 58]",wjd_mlu_back_reference_v1,wjd_midlevel_unit_link,human_confirmed,output/mlu_review_midis/melid_96_phrase_mlu_021_split_8.mid,,[],
JD0046,1.0.0,wjd:100:171:180:187,100,Sophisticated Lady,Coleman Hawkins,ts,SWING,67.6,SLOW,SWING,Ab-maj,4/4,wjd-solo:100,171,180,180,187,60.06421768707483,61.811519274376415,63.47174603174603,9,7,"[63, 60, 67, 65, 63, 64, 63, 61, 60]","[51, 53, 48, 50, 51, 53, 55]",wjd_mlu_melody_link_v1,wjd_midlevel_unit_link,human_confirmed,output/melody_link_review_midis/melid_100_phrase_mlu_003_n171_s180_e187_split_9.mid,overlap:wjd:100:171:180:187,"[""wjd:100:180:187:196""]",
JD0047,1.0.0,wjd:100:180:187:196,100,Sophisticated Lady,Coleman Hawkins,ts,SWING,67.6,SLOW,SWING,Ab-maj,4/4,wjd-solo:100,180,187,187,196,61.811519274376415,63.579138321995465,65.48607709750567,7,9,"[51, 53, 48, 50, 51, 53, 55]","[55, 53, 54, 63, 62, 63, 62, 60, 59]",wjd_mlu_back_reference_v1,wjd_midlevel_unit_link,human_confirmed,output/mlu_review_midis/melid_100_phrase_mlu_083_n180_s187_e196_split_7.mid,overlap:wjd:100:171:180:187,"[""wjd:100:171:180:187""]",
JD0048,1.0.0,wjd:112:263:270:279,112,Secret Love,David Liebman,ts,POSTBOP,272.7,UP,LATIN,Eb-maj,4/4,wjd-solo:112,263,270,270,279,54.20612244897959,56.27501133786848,57.955555555555556,7,9,"[67, 70, 68, 67, 79, 78, 77]","[70, 69, 68, 67, 78, 79, 77, 70, 77]",wjd_mlu_back_reference_v1,wjd_midlevel_unit_link,human_confirmed,output/mlu_review_midis/melid_112_phrase_mlu_041_n263_s270_e279_split_7.mid,,[],
JD0049,1.0.0,wjd:112:586:594:602,112,Secret Love,David Liebman,ts,POSTBOP,272.7,UP,LATIN,Eb-maj,4/4,wjd-solo:112,586,594,594,602,117.25510204081633,120.76530612244898,122.89183673469388,8,8,"[62, 63, 62, 61, 59, 58, 54, 52]","[60, 61, 60, 59, 56, 52, 51, 50]",wjd_mlu_variation_followup_v1,wjd_midlevel_unit_link,human_confirmed,output/variation_followup_review_midis/melid_112_phrase_mlu_005_n586_s594_e602_split_8.mid,,[],
JD0050,1.0.0,wjd:124:209:220:235,124,Society Red,Dexter Gordon,ts,HARDBOP,113.7,MEDIUM,SWING,Bb-maj,4/4,wjd-solo:124,209,220,220,235,46.295918367346935,50.02448979591837,53.816326530612244,11,15,"[68, 65, 70, 71, 73, 71, 68, 65, 65, 65, 68]","[68, 65, 70, 72, 70, 68, 65, 68, 65, 65, 68, 65, 68, 65, 58]",wjd_mlu_rapid_harvest_v1,wjd_midlevel_unit_link,human_confirmed,output/rapid_harvest_review_midis/melid_124_phrase_mlu_009_n209_s220_e235_split_11.mid,,[],
JD0051,1.0.0,wjd:124:269:276:287,124,Society Red,Dexter Gordon,ts,HARDBOP,113.7,MEDIUM,SWING,Bb-maj,4/4,wjd-solo:124,269,276,276,287,67.34081632653061,71.48775510204082,74.48961451247166,7,11,"[68, 65, 70, 68, 68, 65, 68]","[68, 65, 70, 68, 68, 68, 67, 68, 65, 63, 65]",wjd_mlu_back_reference_v1,wjd_midlevel_unit_link,human_confirmed,output/mlu_review_midis/melid_124_phrase_mlu_015_split_7.mid,overlap:wjd:124:269:276:287,"[""wjd:124:276:287:298""]",
JD0052,1.0.0,wjd:124:276:287:298,124,Society Red,Dexter Gordon,ts,HARDBOP,113.7,MEDIUM,SWING,Bb-maj,4/4,wjd-solo:124,276,287,287,298,71.48775510204082,75.61632653061224,78.8085260770975,11,11,"[68, 65, 70, 68, 68, 68, 67, 68, 65, 63, 65]","[68, 65, 67, 70, 76, 77, 69, 70, 68, 65, 68]",wjd_mlu_back_reference_v1,wjd_midlevel_unit_link,human_confirmed,output/automatic_high_confidence_midis/melid_124_phrase_mlu_001_n276_s287_e298_split_11.mid,overlap:wjd:124:269:276:287,"[""wjd:124:269:276:287""]",
JD0053,1.0.0,wjd:141:0:7:15,141,Cognac Blues,Don Byas,ts,SWING,115.9,MEDIUM,SWING,F-maj,4/4,wjd-solo:141,0,7,7,15,4.818140589569161,6.925351473922903,8.678458049886622,7,8,"[53, 56, 58, 55, 58, 57, 53]","[53, 56, 58, 57, 58, 57, 60, 59]",wjd_mlu_back_reference_v1,wjd_midlevel_unit_link,human_confirmed,output/automatic_high_confidence_midis/melid_141_phrase_mlu_014_n0_s7_e15_split_7.mid,,[],
JD0054,1.0.0,wjd:150:0:9:20,150,Sweet and Lovely,Don Ellis,tp,POSTBOP,134.1,MEDIUM,SWING,C-maj,4/4,wjd-solo:150,0,9,9,20,5.595918367346939,10.528798185941042,13.286167800453514,9,11,"[59, 60, 62, 64, 67, 68, 69, 74, 67]","[59, 60, 62, 64, 67, 70, 72, 73, 75, 76, 68]",wjd_mlu_back_reference_v1,wjd_midlevel_unit_link,human_confirmed,output/mlu_review_midis/melid_150_phrase_mlu_005_split_9.mid,,[],
JD0055,1.0.0,wjd:153:315:324:336,153,245,Eric Dolphy,as,POSTBOP,71.2,SLOW,SWING,F-maj,4/4,wjd-solo:153,315,324,324,336,61.27600907029478,62.743219954648524,64.20172335600907,9,12,"[72, 72, 70, 72, 75, 72, 70, 68, 65]","[70, 72, 72, 72, 71, 72, 75, 72, 70, 68, 65, 68]",wjd_mlu_back_reference_v1,wjd_midlevel_unit_link,human_confirmed,output/mlu_review_midis/melid_153_phrase_mlu_008_split_9.mid,,[],
JD0056,1.0.0,wjd:153:481:492:508,153,245,Eric Dolphy,as,POSTBOP,71.2,SLOW,SWING,F-maj,4/4,wjd-solo:153,481,492,492,508,91.54387755102042,93.65408163265306,95.72551020408163,11,16,"[73, 75, 76, 75, 76, 75, 76, 73, 75, 76, 72]","[74, 75, 74, 75, 74, 75, 74, 75, 77, 76, 72, 70, 68, 65, 60, 65]",wjd_mlu_back_reference_v1,wjd_midlevel_unit_link,human_confirmed,output/mlu_review_midis/melid_153_phrase_mlu_081_n481_s492_e508_split_11.mid,,[],
JD0057,1.0.0,wjd:169:26:36:50,169,Society Red,Freddie Hubbard,tp,HARDBOP,113.6,MEDIUM,SWING,F-maj,4/4,wjd-solo:169,26,36,36,50,20.128798185941044,22.255102040816325,24.818367346938775,10,14,"[74, 77, 79, 77, 79, 77, 79, 77, 80, 77]","[74, 77, 77, 77, 79, 77, 79, 77, 80, 77, 79, 77, 74, 72]",wjd_mlu_back_reference_v1,wjd_midlevel_unit_link,human_confirmed,output/mlu_review_midis/melid_169_phrase_mlu_006_split_10.mid,,[],
JD0058,1.0.0,wjd:169:129:138:147,169,Society Red,Freddie Hubbard,tp,HARDBOP,113.6,MEDIUM,SWING,F-maj,4/4,wjd-solo:169,129,138,138,147,58.14795918367347,60.220408163265304,61.88235827664399,9,9,"[75, 83, 83, 77, 80, 80, 77, 80, 82]","[71, 83, 83, 77, 80, 80, 77, 80, 82]",wjd_mlu_back_reference_v1,wjd_midlevel_unit_link,human_confirmed,output/mlu_review_midis/melid_169_phrase_mlu_015_split_9.mid,,[],
JD0059,1.0.0,wjd:170:8:18:31,170,Speak No Evil,Freddie Hubbard,tp,POSTBOP,143.2,MEDIUM UP,SWING,C-min,4/4,wjd-solo:170,8,18,18,31,10.665215419501134,14.13079365079365,18.042857142857144,10,13,"[78, 77, 78, 77, 78, 77, 77, 72, 75, 77]","[78, 77, 75, 72, 77, 75, 72, 68, 71, 70, 72, 70, 67]",wjd_mlu_back_reference_v1,wjd_midlevel_unit_link,human_confirmed,output/mlu_review_midis/melid_170_phrase_mlu_037_n8_s18_e31_split_10.mid,,[],
JD0060,1.0.0,wjd:173:108:116:125,173,Line for Lyons,Gerry Mulligan,bs,COOL,173.1,MEDIUM UP,SWING,Bb-maj,4/4,wjd-solo:173,108,116,116,125,29.59285714285714,32.68621315192744,34.553061224489795,8,9,"[62, 64, 62, 61, 62, 64, 65, 60]","[62, 60, 59, 60, 62, 63, 65, 67, 60]",wjd_mlu_back_reference_v1,wjd_midlevel_unit_link,human_confirmed,output/mlu_review_midis/melid_173_phrase_mlu_007_split_8.mid,,[],
JD0061,1.0.0,wjd:176:141:149:157,176,This Can't Be Love,Gerry Mulligan,bs,COOL,269.1,UP,SWING,Ab-maj,4/4,wjd-solo:176,141,149,149,157,28.705668934240364,31.49206349206349,32.99555555555556,8,8,"[60, 61, 60, 63, 60, 61, 60, 56]","[63, 63, 61, 59, 60, 56, 58, 56]",wjd_mlu_back_reference_v1,wjd_midlevel_unit_link,human_confirmed,output/mlu_review_midis/melid_176_phrase_mlu_004_split_8.mid,,[],
JD0062,1.0.0,wjd:176:702:716:725,176,This Can't Be Love,Gerry Mulligan,bs,COOL,269.1,UP,SWING,Ab-maj,4/4,wjd-solo:176,702,716,716,725,129.82421768707482,131.84285714285716,133.00390022675737,14,9,"[63, 64, 60, 62, 64, 60, 62, 60, 62, 60, 58, 56, 54, 53]","[60, 62, 60, 65, 60, 62, 60, 56, 53]",wjd_mlu_back_reference_v1,wjd_midlevel_unit_link,human_confirmed,output/mlu_review_midis/melid_176_phrase_mlu_010_split_14.mid,,[],
JD0063,1.0.0,wjd:181:68:79:90,181,Soul Station,Hank Mobley,ts,HARDBOP,101.6,MEDIUM SLOW,SWING,Eb-maj,4/4,wjd-solo:181,68,79,79,90,24.642176870748298,27.036734693877552,28.91174603174603,11,11,"[60, 58, 63, 65, 66, 67, 68, 70, 66, 67, 63]","[57, 59, 62, 63, 65, 66, 67, 72, 65, 67, 63]",wjd_mlu_back_reference_v1,wjd_midlevel_unit_link,human_confirmed,output/mlu_review_midis/melid_181_phrase_mlu_007_split_11.mid,,[],
JD0064,1.0.0,wjd:181:435:447:455,181,Soul Station,Hank Mobley,ts,HARDBOP,101.6,MEDIUM SLOW,SWING,Eb-maj,4/4,wjd-solo:181,435,447,447,455,127.11183673469388,129.62539682539682,131.2391836734694,12,8,"[63, 67, 70, 68, 65, 63, 61, 68, 65, 63, 63, 63]","[63, 66, 63, 66, 65, 66, 63, 63]",wjd_mlu_rapid_harvest_v1,wjd_midlevel_unit_link,human_confirmed,output/rapid_harvest_review_midis/melid_181_phrase_mlu_008_n435_s447_e455_split_12.mid,,[],
JD0065,1.0.0,wjd:192:104:113:122,192,Crazy Rhythm,J.J. Johnson,tb,BEBOP,277.3,UP,SWING,F-maj,4/4,wjd-solo:192,104,113,113,122,28.9,31.67142857142857,33.67755102040817,9,9,"[65, 64, 65, 60, 65, 65, 60, 69, 69]","[69, 69, 62, 69, 69, 62, 65, 65, 60]",wjd_mlu_back_reference_v1,wjd_midlevel_unit_link,human_confirmed,output/automatic_high_confidence_midis/melid_192_phrase_mlu_004_n104_s113_e122_split_9.mid,,[],
JD0066,1.0.0,wjd:193:53:63:75,193,Elora,J.J. Johnson,tb,BEBOP,196.9,UP,SWING,Bb-maj,4/4,wjd-solo:193,53,63,63,75,23.761224489795918,27.306122448979593,30.46530612244898,10,12,"[70, 68, 65, 63, 60, 58, 56, 60, 62, 65]","[70, 67, 65, 63, 70, 70, 66, 65, 63, 61, 62, 65]",wjd_mlu_back_reference_v1,wjd_midlevel_unit_link,human_confirmed,output/mlu_review_midis/melid_193_phrase_mlu_071_n53_s63_e75_split_10.mid,,[],
JD0067,1.0.0,wjd:204:18:28:42,204,Totem Pole,Joe Henderson,ts,POSTBOP,137.6,MEDIUM,SWING,Eb-min,4/4,wjd-solo:204,18,28,28,42,12.20498866213152,14.467120181405896,17.240816326530613,10,14,"[62, 61, 59, 62, 61, 59, 62, 61, 59, 58]","[56, 54, 56, 58, 58, 56, 54, 58, 56, 54, 58, 56, 54, 51]",wjd_mlu_back_reference_v1,wjd_midlevel_unit_link,human_confirmed,output/mlu_review_midis/melid_204_phrase_mlu_092_n18_s28_e42_split_10.mid,,[],
JD0068,1.0.0,wjd:220:223:231:241,220,Body and Soul,John Coltrane,ts,POSTBOP,141.6,MEDIUM UP,SWING,Db-maj,4/4,wjd-solo:220,223,231,231,241,62.78367346938776,65.93469387755103,68.92448979591836,8,10,"[69, 69, 67, 65, 67, 69, 69, 69]","[68, 69, 69, 68, 69, 70, 70, 73, 72, 73]",wjd_mlu_back_reference_v1,wjd_midlevel_unit_link,human_confirmed,output/mlu_review_midis/melid_220_phrase_mlu_007_split_8.mid,,[],
JD0069,1.0.0,wjd:225:205:213:229,225,Impressions,John Coltrane,ts,POSTBOP,278.7,UP,SWING,D-min,4/4,wjd-solo:225,205,213,213,229,44.751020408163264,48.295918367346935,51.33163265306123,8,16,"[71, 69, 71, 69, 71, 69, 65, 62]","[71, 69, 71, 69, 71, 71, 69, 71, 69, 71, 69, 65, 65, 62, 58, 65]",wjd_mlu_back_reference_v1,wjd_midlevel_unit_link,human_confirmed,output/mlu_review_midis/melid_225_phrase_mlu_018_split_8.mid,,[],
JD0070,1.0.0,wjd:227:324:342:358,227,My Favorite Things,John Coltrane,ss,POSTBOP,179.3,MEDIUM UP,SWING,E-min,3/4,wjd-solo:227,324,342,342,358,74.7827664399093,76.8711111111111,79.47142857142858,18,16,"[66, 67, 69, 70, 73, 74, 76, 79, 83, 85, 84, 83, 85, 86, 85, 83, 80, 78]","[71, 73, 74, 78, 81, 83, 85, 84, 83, 85, 86, 85, 83, 80, 78, 74]",wjd_mlu_back_reference_v1,wjd_midlevel_unit_link,human_confirmed,output/mlu_review_midis/melid_227_phrase_mlu_008_split_18.mid,,[],
JD0071,1.0.0,wjd:229:5:13:22,229,Nature Boy,John Coltrane,ts,POSTBOP,186.1,UP,SWING,E-min,4/4,wjd-solo:229,5,13,13,22,7.75546485260771,13.077551020408164,19.032653061224487,8,9,"[71, 69, 70, 71, 69, 67, 70, 71]","[69, 67, 69, 71, 69, 67, 64, 67, 64]",wjd_mlu_back_reference_v1,wjd_midlevel_unit_link,human_confirmed,output/mlu_review_midis/melid_229_phrase_mlu_019_n5_s13_e22_split_8.mid,,[],
JD0072,1.0.0,wjd:229:369:383:396,229,Nature Boy,John Coltrane,ts,POSTBOP,186.1,UP,SWING,E-min,4/4,wjd-solo:229,369,383,383,396,98.84009070294785,100.54820861678004,102.11410430839003,14,13,"[69, 71, 68, 70, 72, 69, 72, 69, 71, 73, 71, 69, 66, 62]","[69, 71, 68, 65, 69, 71, 73, 71, 73, 69, 65, 63, 62]",wjd_mlu_back_reference_v1,wjd_midlevel_unit_link,human_confirmed,output/mlu_review_midis/melid_229_phrase_mlu_001_split_14.mid,,[],
JD0073,1.0.0,wjd:233:359:373:388,233,So What,John Coltrane,ts,POSTBOP,141.6,MEDIUM UP,SWING,D-maj,4/4,wjd-solo:233,359,373,373,388,86.40816326530613,90.01224489795918,93.44897959183675,14,15,"[53, 56, 54, 56, 58, 60, 61, 63, 63, 63, 65, 66, 68, 58]","[60, 61, 63, 63, 63, 64, 65, 61, 63, 68, 67, 65, 63, 61, 63]",wjd_mlu_back_reference_v1,wjd_midlevel_unit_link,human_confirmed,output/mlu_review_midis/melid_233_phrase_mlu_047_n359_s373_e388_split_14.mid,,[],
JD0074,1.0.0,wjd:236:81:94:106,236,Heebie Jeebies,Johnny Dodds,cl,TRADITIONAL,165.8,MEDIUM UP,TWOBEAT,Ab-maj,4/4,wjd-solo:236,81,94,94,106,23.873015873015873,26.73469387755102,29.149750566893424,13,12,"[74, 80, 77, 74, 73, 79, 77, 73, 72, 71, 70, 69, 77]","[74, 80, 77, 74, 73, 79, 73, 72, 71, 72, 73, 72]",wjd_mlu_back_reference_v1,wjd_midlevel_unit_link,human_confirmed,output/mlu_review_midis/melid_236_phrase_mlu_004_split_13.mid,,[],
JD0075,1.0.0,wjd:243:29:42:55,243,Blues on Sunday,Joshua Redman,ts,POSTBOP,132.7,MEDIUM,SWING,Eb-maj,4/4,wjd-solo:243,29,42,42,55,10.916281179138322,14.70984126984127,17.327891156462588,13,13,"[51, 54, 56, 58, 60, 61, 58, 51, 55, 56, 51, 54, 51]","[65, 61, 63, 61, 58, 51, 49, 56, 57, 51, 53, 54, 51]",wjd_mlu_back_reference_v1,wjd_midlevel_unit_link,human_confirmed,output/automatic_high_confidence_midis/melid_243_phrase_mlu_003_n29_s42_e55_split_13.mid,,[],
JD0076,1.0.0,wjd:249:79:90:101,249,Blues in Be-Bop,Kenny Dorham,tp,BEBOP,186.7,UP,SWING,Eb-maj,4/4,wjd-solo:249,79,90,90,101,18.039727891156463,20.59469387755102,22.153061224489797,11,11,"[70, 72, 73, 75, 73, 72, 70, 73, 70, 73, 70]","[70, 72, 73, 67, 70, 73, 72, 73, 72, 71, 70]",wjd_mlu_back_reference_v1,wjd_midlevel_unit_link,human_confirmed,output/mlu_review_midis/melid_249_phrase_mlu_001_split_11.mid,,[],
JD0077,1.0.0,wjd:250:0:7:14,250,Doodlin',Kenny Dorham,tp,HARDBOP,121.1,MEDIUM,SWING,Db-maj,4/4,wjd-solo:250,0,7,7,14,6.420408163265306,8.395918367346939,9.869387755102041,7,7,"[68, 70, 73, 75, 73, 70, 73]","[66, 70, 73, 76, 73, 70, 73]",wjd_mlu_back_reference_v1,wjd_midlevel_unit_link,human_confirmed,output/mlu_review_midis/melid_250_phrase_mlu_002_split_7.mid,overlap:wjd:250:0:7:14,"[""wjd:250:7:14:25""]",
JD0078,1.0.0,wjd:250:7:14:25,250,Doodlin',Kenny Dorham,tp,HARDBOP,121.1,MEDIUM,SWING,Db-maj,4/4,wjd-solo:250,7,14,14,25,8.395918367346939,10.186303854875284,13.39501133786848,7,11,"[66, 70, 73, 76, 73, 70, 73]","[68, 70, 73, 76, 77, 73, 70, 73, 70, 68, 63]",wjd_mlu_back_reference_v1,wjd_midlevel_unit_link,human_confirmed,output/mlu_review_midis/melid_250_phrase_mlu_029_n7_s14_e25_split_7.mid,overlap:wjd:250:0:7:14,"[""wjd:250:0:7:14""]",
JD0079,1.0.0,wjd:265:39:47:56,265,Who's it,Kid Ory,tb,TRADITIONAL,211.6,UP,TWOBEAT,C-maj,4/4,wjd-solo:265,39,47,47,56,20.691836734693876,25.234285714285715,28.542857142857144,8,9,"[52, 53, 54, 55, 65, 64, 56, 57]","[53, 54, 55, 56, 60, 64, 62, 60, 60]",wjd_mlu_back_reference_v1,wjd_midlevel_unit_link,human_confirmed,output/automatic_high_confidence_midis/melid_265_phrase_mlu_010_n39_s47_e56_split_8.mid,,[],
JD0080,1.0.0,wjd:276:47:61:78,276,The Sidewinder,Lee Morgan,tp,HARDBOP,156.3,MEDIUM UP,LATIN,Eb-maj,4/4,wjd-solo:276,47,61,61,78,16.361360544217685,19.727551020408164,23.979591836734695,14,17,"[68, 68, 68, 68, 68, 68, 68, 66, 68, 70, 66, 63, 63, 63]","[65, 68, 68, 68, 68, 68, 66, 68, 68, 70, 63, 70, 68, 67, 63, 61, 63]",wjd_mlu_back_reference_v1,wjd_midlevel_unit_link,human_confirmed,output/mlu_review_midis/melid_276_phrase_mlu_004_split_14.mid,,[],
JD0081,1.0.0,wjd:282:127:135:145,282,Dickie's Dream,Lester Young,ts,SWING,229.3,UP,SWING,C-min,4/4,wjd-solo:282,127,135,135,145,31.742857142857144,33.587755102040816,35.16326530612245,8,10,"[55, 63, 55, 57, 62, 55, 57, 60]","[54, 57, 63, 55, 57, 62, 60, 55, 51, 55]",wjd_mlu_back_reference_v1,wjd_midlevel_unit_link,human_confirmed,output/mlu_review_midis/melid_282_phrase_mlu_021_n127_s135_e145_split_8.mid,,[],
JD0082,1.0.0,wjd:286:167:174:185,286,Dinah,Lionel Hampton,vib,SWING,199.5,UP,SWING,Ab-maj,4/4,wjd-solo:286,167,174,174,185,38.40580498866213,40.816326530612244,44.16122448979592,7,11,"[68, 68, 71, 68, 65, 63, 68]","[68, 68, 71, 68, 65, 64, 63, 68, 71, 68, 71]",wjd_mlu_back_reference_v1,wjd_midlevel_unit_link,human_confirmed,output/mlu_review_midis/melid_286_phrase_mlu_002_split_7.mid,,[],
JD0083,1.0.0,wjd:291:70:81:90,291,Basin Street Blues,Louis Armstrong,tp,TRADITIONAL,107.2,MEDIUM SLOW,TWOBEAT,Bb-maj,4/4,wjd-solo:291,70,81,81,90,21.17514739229025,23.7,25.996190476190478,11,9,"[65, 64, 67, 65, 70, 74, 77, 81, 81, 81, 74]","[81, 74, 81, 74, 82, 74, 81, 81, 74]",wjd_mlu_back_reference_v1,wjd_midlevel_unit_link,human_confirmed,output/automatic_high_confidence_midis/melid_291_phrase_mlu_015_n70_s81_e90_split_11.mid,,[],
JD0084,1.0.0,wjd:291:170:177:185,291,Basin Street Blues,Louis Armstrong,tp,TRADITIONAL,107.2,MEDIUM SLOW,TWOBEAT,Bb-maj,4/4,wjd-solo:291,170,177,177,185,51.875510204081635,54.15764172335601,55.952834467120184,7,8,"[69, 72, 72, 70, 70, 69, 67]","[67, 68, 70, 69, 69, 67, 69, 67]",wjd_mlu_back_reference_v1,wjd_midlevel_unit_link,human_confirmed,output/mlu_review_midis/melid_291_phrase_mlu_010_split_7.mid,,[],
JD0085,1.0.0,wjd:297:139:149:159,297,Once in a While,Louis Armstrong,cor,TRADITIONAL,197.7,UP,TWOBEAT,F-maj,4/4,wjd-solo:297,139,149,149,159,32.793832199546486,35.175328798185944,37.24480725623582,10,10,"[72, 76, 73, 72, 72, 69, 69, 71, 72, 67]","[68, 76, 73, 71, 73, 71, 72, 72, 67, 64]",wjd_mlu_back_reference_v1,wjd_midlevel_unit_link,human_confirmed,output/mlu_review_midis/melid_297_phrase_mlu_015_split_10.mid,,[],
JD0086,1.0.0,wjd:297:159:168:180,297,Once in a While,Louis Armstrong,cor,TRADITIONAL,197.7,UP,TWOBEAT,F-maj,4/4,wjd-solo:297,159,168,168,180,37.60181405895692,40.10956916099773,42.46349206349206,9,12,"[74, 74, 72, 74, 72, 74, 74, 71, 72]","[74, 74, 72, 74, 72, 69, 74, 72, 69, 72, 72, 75]",wjd_mlu_back_reference_v1,wjd_midlevel_unit_link,human_confirmed,output/mlu_review_midis/melid_297_phrase_mlu_009_split_9.mid,,[],
JD0087,1.0.0,wjd:303:358:367:376,303,Midnight Voyage,Michael Brecker,ts,POSTBOP,125.6,MEDIUM,SWING,C-min,4/4,wjd-solo:303,358,367,367,376,102.22421768707483,104.12700680272108,105.42780045351473,9,9,"[45, 52, 55, 59, 49, 52, 55, 59, 54]","[46, 51, 54, 58, 51, 54, 58, 61, 53]",wjd_mlu_rapid_harvest_v1,wjd_midlevel_unit_link,human_confirmed,output/rapid_harvest_review_midis/melid_303_phrase_mlu_015_n358_s367_e376_split_9.mid,,[],
JD0088,1.0.0,wjd:313:21:28:35,313,Blues by Five,Miles Davis,tp,HARDBOP,177.9,MEDIUM UP,SWING,Bb-maj,4/4,wjd-solo:313,21,28,28,35,12.813061224489797,15.577755102040816,17.564308390022674,7,7,"[73, 74, 73, 74, 75, 72, 65]","[72, 72, 73, 74, 70, 65, 58]",wjd_mlu_back_reference_v1,wjd_midlevel_unit_link,human_confirmed,output/automatic_high_confidence_midis/melid_313_phrase_mlu_002_n21_s28_e35_split_7.mid,,[],
JD0089,1.0.0,wjd:316:241:252:268,316,Eighty-One,Miles Davis,tp,POSTBOP,138.3,MEDIUM,SWING,F-maj,4/4,wjd-solo:316,241,252,252,268,87.79591836734694,92.0671201814059,95.92653061224489,11,16,"[77, 79, 77, 75, 72, 70, 69, 70, 68, 65, 67]","[77, 79, 77, 75, 72, 65, 68, 70, 69, 70, 70, 70, 68, 71, 70, 71]",wjd_mlu_back_reference_v1,wjd_midlevel_unit_link,human_confirmed,output/automatic_high_confidence_midis/melid_316_phrase_mlu_026_n241_s252_e268_split_11.mid,,[],
JD0090,1.0.0,wjd:326:89:98:107,326,Vierd Blues,Miles Davis,tp,HARDBOP,114.7,MEDIUM,SWING,Bb-maj,4/4,wjd-solo:326,89,98,98,107,51.35612244897959,55.23646258503401,57.74387755102041,9,9,"[66, 67, 66, 67, 66, 67, 66, 67, 70]","[63, 67, 66, 67, 66, 67, 66, 67, 70]",wjd_mlu_back_reference_v1,wjd_midlevel_unit_link,human_confirmed,output/mlu_review_midis/melid_326_phrase_mlu_005_split_9.mid,,[],
JD0091,1.0.0,wjd:337:549:556:564,337,Chronology,Ornette Coleman,as,FREE,236.0,UP,SWING,,,wjd-solo:337,549,556,556,564,127.23374149659864,128.80689342403628,129.89242630385488,7,8,"[72, 71, 63, 60, 70, 67, 69]","[72, 73, 72, 71, 67, 70, 65, 68]",wjd_mlu_rapid_harvest_v1,wjd_midlevel_unit_link,human_confirmed,output/rapid_harvest_review_midis/melid_337_phrase_mlu_020_n549_s556_e564_split_7.mid,,[],
JD0092,1.0.0,wjd:337:564:572:581,337,Chronology,Ornette Coleman,as,FREE,236.0,UP,SWING,,,wjd-solo:337,564,572,572,581,131.0418140589569,134.08362811791383,135.9267120181406,8,9,"[65, 68, 70, 71, 72, 72, 68, 65]","[65, 68, 70, 71, 72, 75, 77, 72, 65]",wjd_mlu_melody_link_v1,wjd_midlevel_unit_link,human_confirmed,output/melody_link_review_midis/melid_337_phrase_mlu_002_n564_s572_e581_split_8.mid,,[],
JD0093,1.0.0,wjd:348:0:8:16,348,Alone Together,Paul Desmond,as,COOL,199.9,UP,SWING,C-min,4/4,wjd-solo:348,0,8,8,16,3.554829931972789,5.203061224489796,6.545850340136054,8,8,"[62, 59, 55, 58, 63, 65, 67, 65]","[67, 63, 65, 67, 68, 69, 71, 69]",wjd_mlu_rapid_harvest_v1,wjd_midlevel_unit_link,human_confirmed,output/rapid_harvest_review_midis/melid_348_phrase_mlu_017_n0_s8_e16_split_8.mid,,[],
JD0094,1.0.0,wjd:350:27:37:46,350,Bossa Antigua,Paul Desmond,as,COOL,191.6,UP,LATIN,Ab-maj,4/4,wjd-solo:350,27,37,37,46,11.488072562358276,14.210612244897959,16.4281179138322,10,9,"[60, 63, 65, 66, 65, 63, 60, 61, 72, 70]","[67, 68, 70, 67, 63, 61, 60, 70, 68]",wjd_mlu_rapid_harvest_v1,wjd_midlevel_unit_link,human_confirmed,output/rapid_harvest_review_midis/melid_350_phrase_mlu_012_n27_s37_e46_split_10.mid,,[],
JD0095,1.0.0,wjd:354:433:440:447,354,A Night in Tunisia,Pepper Adams,bs,HARDBOP,127.7,MEDIUM,LATIN,D-min,4/4,wjd-solo:354,433,440,440,447,60.42965986394558,61.17845804988662,61.79081632653061,7,7,"[63, 61, 53, 55, 57, 60, 58]","[64, 62, 54, 56, 57, 60, 59]",wjd_mlu_back_reference_v1,wjd_midlevel_unit_link,human_confirmed,output/mlu_review_midis/melid_354_phrase_mlu_003_split_7.mid,,[],
JD0096,1.0.0,wjd:388:265:275:283,388,The Everywhere Calypso,Sonny Rollins,ts,POSTBOP,192.6,UP,LATIN,C-maj,4/4,wjd-solo:388,265,275,275,283,62.553061224489795,65.48571428571428,67.5439455782313,10,8,"[52, 55, 55, 55, 55, 55, 55, 55, 55, 57]","[57, 53, 53, 53, 53, 53, 53, 55]",wjd_mlu_back_reference_v1,wjd_midlevel_unit_link,human_confirmed,output/mlu_review_midis/melid_388_phrase_mlu_025_split_10.mid,,[],
JD0097,1.0.0,wjd:388:283:292:301,388,The Everywhere Calypso,Sonny Rollins,ts,POSTBOP,192.6,UP,LATIN,C-maj,4/4,wjd-solo:388,283,292,292,301,67.72448979591837,70.24326530612245,72.28371882086168,9,9,"[55, 55, 55, 52, 52, 52, 57, 55, 53]","[53, 50, 48, 47, 47, 47, 50, 47, 48]",wjd_mlu_variation_followup_v1,wjd_midlevel_unit_link,human_confirmed,output/variation_followup_review_midis/melid_388_phrase_mlu_011_n283_s292_e301_split_9.mid,,[],
JD0098,1.0.0,wjd:393:115:123:132,393,Body and Soul,Sonny Stitt,as,BEBOP,67.7,SLOW,BALLAD,Db-maj,4/4,wjd-solo:393,115,123,123,132,40.010884353741496,41.749478458049886,42.85242630385488,8,9,"[58, 63, 65, 66, 68, 73, 77, 75]","[57, 62, 64, 65, 66, 69, 71, 76, 74]",wjd_mlu_back_reference_v1,wjd_midlevel_unit_link,human_confirmed,output/mlu_review_midis/melid_393_phrase_mlu_022_split_8.mid,,[],
JD0099,1.0.0,wjd:393:315:323:331,393,Body and Soul,Sonny Stitt,as,BEBOP,67.7,SLOW,BALLAD,Db-maj,4/4,wjd-solo:393,315,323,323,331,89.89895691609978,91.65206349206349,93.99147392290249,8,8,"[60, 64, 67, 68, 71, 69, 64, 68]","[56, 60, 63, 64, 67, 65, 58, 63]",wjd_mlu_variation_followup_v1,wjd_midlevel_unit_link,human_confirmed,output/variation_followup_review_midis/melid_393_phrase_mlu_006_n315_s323_e331_split_8.mid,,[],
JD0100,1.0.0,wjd:402:0:7:15,402,My Funny Valentine,Stan Getz,ts,COOL,130.7,MEDIUM,SWING,F-min,4/4,wjd-solo:402,0,7,7,15,4.995918367346939,8.568163265306122,11.481632653061224,7,8,"[65, 67, 68, 65, 67, 60, 65]","[65, 67, 67, 68, 65, 67, 65, 61]",manual_reference_import,manual_reference,human_confirmed,output/wjd_phrase_excerpts/melid_402_phrase_1_2_split_7.mid,,[],
JD0101,1.0.0,wjd:402:250:259:268,402,My Funny Valentine,Stan Getz,ts,COOL,130.7,MEDIUM,SWING,F-min,4/4,wjd-solo:402,250,259,259,268,84.3784126984127,88.41868480725624,91.00480725623582,9,9,"[67, 68, 65, 60, 56, 59, 58, 59, 58]","[70, 72, 68, 65, 60, 59, 56, 59, 58]",wjd_mlu_rapid_harvest_v1,wjd_midlevel_unit_link,human_confirmed,output/rapid_harvest_review_midis/melid_402_phrase_mlu_016_n250_s259_e268_split_9.mid,,[],
JD0102,1.0.0,wjd:402:523:529:535,402,My Funny Valentine,Stan Getz,ts,COOL,130.7,MEDIUM,SWING,F-min,4/4,wjd-solo:402,523,529,529,535,172.9407709750567,174.52959183673468,175.42965986394557,6,6,"[63, 65, 68, 70, 72, 75]","[63, 65, 68, 70, 72, 75]",cela_WJD_fraza,wjd_phrase_split,human_confirmed,output/wjd_phrase_excerpts/melid_402_phrase_41_split_6.mid,,[],
JD0103,1.0.0,wjd:402:616:632:654,402,My Funny Valentine,Stan Getz,ts,COOL,130.7,MEDIUM,SWING,F-min,4/4,wjd-solo:402,616,632,632,654,199.75836734693877,201.51437641723356,204.11138321995466,16,22,"[55, 56, 58, 60, 61, 60, 58, 56, 55, 56, 58, 60, 61, 60, 58, 56]","[55, 56, 58, 60, 61, 60, 58, 55, 56, 55, 53, 55, 56, 58, 59, 60, 61, 60, 59, 58, 59, 58]",cela_WJD_fraza,wjd_phrase_split,human_confirmed,output/wjd_phrase_excerpts/melid_402_phrase_48_split_16.mid,,[],
JD0104,1.0.0,wjd:409:0:12:27,409,Slipped again,Steve Coleman,as,POSTBOP,131.6,MEDIUM,SWING,F-maj,4/4,wjd-solo:409,0,12,12,27,2.9591836734693877,7.96734693877551,12.024489795918369,12,15,"[55, 58, 60, 63, 65, 67, 70, 72, 70, 69, 69, 67]","[55, 58, 56, 58, 60, 63, 65, 68, 70, 72, 72, 77, 75, 72, 70]",wjd_mlu_back_reference_v1,wjd_midlevel_unit_link,human_confirmed,output/mlu_review_midis/melid_409_phrase_mlu_016_split_12.mid,,[],
JD0105,1.0.0,wjd:422:159:172:184,422,Pass It On,Von Freeman,ts,FUSION,105.9,MEDIUM SLOW,FUNK,C-min,4/4,wjd-solo:422,159,172,172,184,50.06530612244898,52.310204081632655,53.97551020408163,13,12,"[68, 67, 66, 68, 64, 66, 63, 68, 67, 69, 68, 70, 71]","[68, 67, 66, 71, 63, 66, 63, 69, 68, 69, 70, 73]",wjd_mlu_back_reference_v1,wjd_midlevel_unit_link,human_confirmed,output/mlu_review_midis/melid_422_phrase_mlu_020_split_13.mid,,[],
JD0106,1.0.0,wjd:426:119:126:134,426,Adam's Apple,Wayne Shorter,ts,POSTBOP,174.4,MEDIUM UP,LATIN,Ab-mix,4/4,wjd-solo:426,119,126,126,134,39.20253968253968,41.97877551020408,43.89795918367347,7,8,"[64, 65, 68, 68, 70, 68, 70]","[63, 65, 68, 68, 65, 68, 70, 70]",wjd_mlu_back_reference_v1,wjd_midlevel_unit_link,human_confirmed,output/mlu_review_midis/melid_426_phrase_mlu_012_split_7.mid,overlap:wjd:426:119:126:134,"[""wjd:426:126:134:143""]",
JD0107,1.0.0,wjd:426:126:134:143,426,Adam's Apple,Wayne Shorter,ts,POSTBOP,174.4,MEDIUM UP,LATIN,Ab-mix,4/4,wjd-solo:426,126,134,134,143,41.97877551020408,44.72453514739229,46.586734693877546,8,9,"[63, 65, 68, 68, 65, 68, 70, 70]","[63, 65, 68, 68, 68, 64, 63, 62, 59]",wjd_mlu_back_reference_v1,wjd_midlevel_unit_link,human_confirmed,output/automatic_high_confidence_midis/melid_426_phrase_mlu_012_n126_s134_e143_split_8.mid,overlap:wjd:426:119:126:134,"[""wjd:426:119:126:134""]",
JD0108,1.0.0,wjd:431:324:332:344,431,Footprints,Wayne Shorter,ts,POSTBOP,136.1,MEDIUM,SWING,C-min,6/4,wjd-solo:431,324,332,332,344,104.94,106.96530612244898,108.72598639455782,8,12,"[63, 67, 72, 70, 65, 63, 58, 55]","[60, 63, 67, 72, 70, 67, 65, 63, 58, 55, 53, 55]",wjd_mlu_back_reference_v1,wjd_midlevel_unit_link,human_confirmed,output/mlu_review_midis/melid_431_phrase_mlu_014_split_8.mid,,[],
JD0109,1.0.0,wjd:432:0:9:18,432,Infant Eyes,Wayne Shorter,ts,POSTBOP,51.3,SLOW,BALLAD,Eb-chrom,4/4,wjd-solo:432,0,9,9,18,9.83469387755102,14.605351473922903,19.609251700680275,9,9,"[66, 67, 69, 72, 67, 71, 72, 70, 67]","[67, 70, 72, 70, 67, 65, 60, 58, 62]",wjd_mlu_melody_link_v1,wjd_midlevel_unit_link,human_confirmed,output/melody_link_review_midis/melid_432_phrase_mlu_001_n0_s9_e18_split_9.mid,,[],
