jazzdialog_id,performer,title,wjd_melid,key,instrument,style,avgtempo_bpm,tempo_class,rhythm_feel,time_signature,call_start_note,call_end_note_exclusive,response_start_note,response_end_note_exclusive,call_start_seconds,call_end_seconds,response_start_seconds,response_end_seconds,call_note_count,response_note_count,call_pitches,response_pitches,midi_file
1,Art Pepper,Blues for Blanche,2,Eb-maj,as,COOL,198.9,UP,SWING,4/4,444,452,452,465,119.08934240362812,120.57251700680273,121.21687074829931,122.95256235827664,8,13,"[73, 72, 70, 72, 73, 72, 70, 72]","[73, 72, 70, 72, 73, 72, 70, 73, 73, 72, 70, 72, 70]",midi/jazzdia-1.mid
2,Art Pepper,Blues for Blanche,2,Eb-maj,as,COOL,198.9,UP,SWING,4/4,506,519,519,531,134.02267573696145,135.97755102040816,136.66122448979593,138.1530612244898,13,12,"[58, 61, 63, 58, 61, 63, 58, 61, 60, 58, 60, 63, 61]","[58, 61, 63, 60, 58, 60, 63, 58, 60, 61, 63, 61]",midi/jazzdia-2.mid
3,Art Pepper,In a Mellow Tone,4,Eb-maj,cl,COOL,167.6,MEDIUM UP,SWING,4/4,317,328,328,336,106.62458049886621,107.86249433106576,108.56734693877551,109.95510204081633,11,8,"[78, 79, 78, 75, 77, 79, 77, 73, 75, 75, 77]","[75, 78, 79, 77, 75, 77, 75, 77]",midi/jazzdia-3.mid
4,Art Pepper,Stardust,6,Eb-maj,as,COOL,60.2,SLOW,BALLAD,4/4,17,24,24,31,11.749297052154194,13.151201814058957,13.746213151927437,15.528344671201815,7,7,"[63, 63, 68, 68, 68, 70, 72]","[63, 63, 68, 68, 68, 70, 71]",midi/jazzdia-4.mid
5,Art Pepper,Stardust,6,Eb-maj,as,COOL,60.2,SLOW,BALLAD,4/4,792,797,797,804,254.96326530612245,257.02167800453515,257.0274829931973,259.5326530612245,5,7,"[62, 63, 63, 63, 63]","[63, 63, 63, 63, 63, 63, 66]",midi/jazzdia-5.mid
6,Ben Webster,Bye Bye Blackbird,21,G-maj,ts,SWING,140.8,MEDIUM UP,SWING,4/4,185,193,193,200,78.74394557823129,80.63709750566893,81.08163265306122,82.76122448979591,8,7,"[63, 64, 65, 69, 69, 65, 57, 57]","[58, 60, 64, 64, 60, 52, 52]",midi/jazzdia-6.mid
7,Ben Webster,Where or When,25,Ab-maj,ts,SWING,82.1,MEDIUM SLOW,SWING,4/4,136,144,144,155,67.28562358276643,69.51836734693877,70.06040816326531,73.15736961451248,8,11,"[53, 56, 57, 58, 59, 63, 61, 53]","[53, 56, 63, 61, 56, 58, 59, 60, 59, 60, 60]",midi/jazzdia-7.mid
8,Benny Carter,I Got It Bad,7,Db-maj,as,SWING,68.2,SLOW,SWING,4/4,402,415,415,429,122.4530612244898,124.53061224489797,125.19183673469388,127.51428571428572,13,14,"[61, 68, 70, 68, 66, 68, 70, 68, 66, 72, 73, 68, 61]","[61, 68, 70, 68, 66, 72, 73, 68, 61, 67, 68, 66, 61, 56]",midi/jazzdia-8.mid
9,Benny Carter,It's a Wonderful World,9,C-maj,as,SWING,127.2,MEDIUM,SWING,4/4,65,72,72,81,19.853061224489796,21.045986394557822,21.945918367346938,23.338956916099775,7,9,"[67, 69, 67, 71, 72, 69, 63]","[64, 67, 69, 67, 70, 72, 69, 63, 62]",midi/jazzdia-9.mid
10,Benny Carter,It's a Wonderful World,9,C-maj,as,SWING,127.2,MEDIUM,SWING,4/4,118,130,130,140,31.84591836734694,33.78775510204082,34.26938775510204,35.68571428571429,12,10,"[62, 64, 67, 69, 72, 72, 74, 72, 69, 72, 74, 76]","[69, 72, 71, 72, 74, 72, 69, 72, 78, 79]",midi/jazzdia-10.mid
11,Benny Goodman,Avalon,14,Eb-maj,cl,SWING,241.0,UP,SWING,4/4,54,67,67,73,16.279591836734692,18.18979591836735,18.43954648526077,19.824489795918367,13,6,"[73, 74, 77, 74, 79, 76, 77, 75, 72, 70, 75, 72, 75]","[78, 77, 75, 72, 75, 72]",midi/jazzdia-11.mid
12,Benny Goodman,Avalon,14,Eb-maj,cl,SWING,241.0,UP,SWING,4/4,57,66,66,73,16.691836734693876,17.875510204081632,18.06734693877551,19.824489795918367,9,7,"[74, 79, 76, 77, 75, 72, 70, 75, 72]","[75, 78, 77, 75, 72, 75, 72]",midi/jazzdia-12.mid
13,Bob Berg,Nature of the Beast,34,C-min,ts,POSTBOP,131.8,MEDIUM,LATIN,4/4,117,125,125,137,46.97687074829932,48.05079365079365,48.78512471655329,50.80526077097506,8,12,"[53, 60, 62, 63, 65, 61, 62, 60]","[70, 69, 65, 67, 63, 62, 60, 65, 67, 62, 63, 60]",midi/jazzdia-13.mid
14,Bob Berg,No Moe,35,Bb-maj,ts,POSTBOP,161.8,MEDIUM UP,SWING,4/4,0,9,9,21,3.500408163265306,5.169342403628118,6.5081632653061225,9.258956916099773,9,12,"[63, 68, 70, 73, 75, 71, 73, 70, 68]","[63, 67, 70, 74, 75, 73, 70, 68, 65, 63, 61, 58]",midi/jazzdia-14.mid
15,Branford Marsalis,The Nearness of You,41,D-maj,ts,POSTBOP,36.8,SLOW,SWING,4/4,322,334,334,343,128.27142857142857,131.54999999999998,132.84591836734694,134.84408163265306,12,9,"[57, 57, 54, 57, 62, 62, 54, 57, 62, 54, 57, 62]","[55, 59, 62, 55, 59, 62, 55, 59, 62]",midi/jazzdia-15.mid
16,Branford Marsalis,Three Little Words,42,C-maj,ts,POSTBOP,264.3,UP,SWING,4/4,649,658,658,672,117.48716553287981,118.8281179138322,119.2954195011338,121.54485260770974,9,14,"[64, 63, 64, 55, 57, 60, 57, 63, 64]","[64, 65, 63, 64, 60, 55, 53, 58, 59, 60, 59, 60, 59, 60]",midi/jazzdia-16.mid
17,Branford Marsalis,Three Little Words,42,C-maj,ts,POSTBOP,264.3,UP,SWING,4/4,1065,1074,1074,1082,189.29487528344671,191.01024943310657,191.1524716553288,192.85043083900226,9,8,"[60, 63, 64, 67, 64, 67, 65, 62, 67]","[60, 63, 64, 67, 64, 67, 65, 67]",midi/jazzdia-17.mid
18,Branford Marsalis,U.M.M.G.,43,Db-maj,ts,POSTBOP,211.6,UP,SWING,4/4,619,633,633,647,134.42612244897958,136.30693877551022,136.69297052154195,138.5795918367347,14,14,"[63, 60, 63, 61, 63, 61, 63, 59, 63, 59, 63, 58, 63, 58]","[63, 58, 63, 58, 63, 58, 63, 58, 62, 58, 62, 58, 62, 58]",midi/jazzdia-18.mid
19,Cannonball Adderley,This Here,50,F-maj,as,HARDBOP,174.7,MEDIUM UP,SWING,3/4,512,519,519,527,104.50501133786848,106.07820861678005,106.56,108.28952380952381,7,8,"[60, 59, 62, 60, 65, 65, 69]","[60, 58, 62, 60, 65, 69, 65, 66]",midi/jazzdia-19.mid
20,Cannonball Adderley,This Here,50,F-maj,as,HARDBOP,174.7,MEDIUM UP,SWING,3/4,664,674,674,688,136.53501133786847,139.27993197278911,139.62739229024945,143.02433106575964,10,14,"[72, 75, 77, 75, 70, 72, 71, 69, 68, 65]","[67, 69, 70, 71, 72, 75, 77, 77, 75, 72, 71, 70, 68, 65]",midi/jazzdia-20.mid
21,Cannonball Adderley,Work Song,51,F-min,as,HARDBOP,156.3,MEDIUM UP,SWING,4/4,131,139,139,149,39.60612244897959,41.268140589569164,42.666666666666664,44.93755102040816,8,10,"[61, 62, 62, 65, 67, 68, 65, 65]","[62, 65, 68, 70, 70, 70, 71, 71, 72, 74]",midi/jazzdia-21.mid
22,Charlie Parker,Billie's Bounce,52,F-maj,as,BEBOP,158.5,MEDIUM UP,SWING,4/4,67,82,82,93,19.600544217687077,22.099591836734696,22.938412698412698,24.942585034013604,15,11,"[65, 68, 70, 69, 70, 71, 71, 71, 70, 68, 65, 69, 70, 71, 70]","[65, 68, 69, 70, 71, 72, 73, 72, 69, 65, 63]",midi/jazzdia-22.mid
23,Charlie Parker,Donna Lee,55,Ab-maj,as,BEBOP,225.7,UP,SWING,4/4,160,185,185,211,33.15764172335601,36.44680272108843,36.78877551020408,40.376598639455786,25,26,"[59, 60, 63, 67, 68, 67, 68, 68, 67, 68, 67, 68, 59, 60, 63, 67, 68, 63, 67, 68, 68, 67, 68, 67, 68]","[59, 60, 67, 68, 67, 68, 67, 68, 67, 67, 68, 67, 65, 64, 63, 61, 60, 58, 57, 66, 64, 65, 62, 58, 56, 60]",midi/jazzdia-23.mid
24,Charlie Parker,Thriving on a Riff,67,Bb-maj,as,BEBOP,227.2,UP,SWING,4/4,305,319,319,330,63.018956916099775,64.82721088435375,65.1116553287982,66.81832199546486,14,11,"[65, 67, 68, 70, 72, 74, 70, 72, 70, 67, 66, 72, 73, 74]","[65, 67, 68, 70, 73, 74, 72, 70, 67, 69, 65]",midi/jazzdia-24.mid
25,Chet Baker,I Fall in Love Too Easily,70,Eb-maj,tp,COOL,65.2,SLOW,SWING,4/4,0,9,9,21,3.5673469387755103,7.48843537414966,9.306848072562358,14.86734693877551,9,12,"[67, 68, 67, 67, 65, 67, 68, 70, 70]","[57, 58, 60, 62, 63, 62, 61, 62, 63, 65, 67, 67]",midi/jazzdia-25.mid
26,Chet Baker,I Fall in Love Too Easily,70,Eb-maj,tp,COOL,65.2,SLOW,SWING,4/4,44,52,52,61,23.496938775510205,26.983673469387753,27.071428571428573,29.946485260770974,8,9,"[62, 63, 59, 62, 60, 63, 59, 62]","[60, 63, 65, 62, 64, 65, 64, 63, 62]",midi/jazzdia-26.mid
27,Chet Baker,I Fall in Love Too Easily,70,Eb-maj,tp,COOL,65.2,SLOW,SWING,4/4,66,77,77,86,35.57732426303855,38.344852607709754,38.49578231292517,44.007619047619045,11,9,"[71, 72, 74, 67, 67, 67, 67, 68, 67, 66, 67]","[69, 70, 72, 73, 64, 64, 65, 67, 68]",midi/jazzdia-27.mid
28,Chet Baker,I Fall in Love Too Easily,70,Eb-maj,tp,COOL,65.2,SLOW,SWING,4/4,86,93,93,99,45.88979591836735,48.10231292517007,48.3004081632653,50.20612244897959,7,6,"[65, 67, 68, 70, 67, 63, 60]","[69, 70, 66, 66, 63, 58]",midi/jazzdia-28.mid
29,Chet Baker,Just Friends,71,G-maj,tp,COOL,189.9,UP,SWING,4/4,0,8,8,24,3.427845804988662,5.160090702947845,5.362358276643991,9.077551020408162,8,16,"[64, 67, 69, 71, 64, 67, 69, 70]","[64, 67, 69, 69, 70, 69, 67, 65, 67, 65, 63, 58, 60, 62, 64, 66]",midi/jazzdia-29.mid
30,Chet Baker,Just Friends,71,G-maj,tp,COOL,189.9,UP,SWING,4/4,139,155,155,166,40.41836734693877,44.50684807256236,45.08571428571429,48.506122448979596,16,11,"[76, 74, 71, 69, 67, 69, 66, 67, 67, 69, 66, 67, 69, 71, 67, 69]","[74, 71, 74, 71, 69, 67, 59, 63, 57, 59, 60]",midi/jazzdia-30.mid
31,Chet Baker,Let's Get Lost,72,C-maj,tp,COOL,157.5,MEDIUM UP,SWING,4/4,19,24,24,34,8.187755102040816,10.557823129251702,11.932154195011337,15.703061224489796,5,10,"[64, 67, 65, 69, 64]","[79, 77, 81, 79, 76, 73, 77, 74, 76, 74]",midi/jazzdia-31.mid
32,Chet Baker,Long Ago and Far Away,73,G-maj,tp,COOL,177.5,MEDIUM UP,SWING,4/4,39,45,45,67,15.16843537414966,16.401814058956916,16.480362811791384,21.40879818594104,6,22,"[70, 73, 74, 70, 67, 63]","[67, 70, 71, 72, 69, 65, 62, 65, 69, 69, 70, 67, 63, 60, 62, 64, 65, 66, 69, 66, 64, 57]",midi/jazzdia-32.mid
33,Chet Baker,Long Ago and Far Away,73,G-maj,tp,COOL,177.5,MEDIUM UP,SWING,4/4,39,55,55,67,15.16843537414966,18.279909297052154,18.279909297052154,21.40879818594104,16,12,"[70, 73, 74, 70, 67, 63, 67, 70, 71, 72, 69, 65, 62, 65, 69, 69]","[70, 67, 63, 60, 62, 64, 65, 66, 69, 66, 64, 57]",midi/jazzdia-33.mid
34,Chet Baker,Long Ago and Far Away,73,G-maj,tp,COOL,177.5,MEDIUM UP,SWING,4/4,39,56,56,67,15.16843537414966,18.575963718820862,18.634013605442178,21.40879818594104,17,11,"[70, 73, 74, 70, 67, 63, 67, 70, 71, 72, 69, 65, 62, 65, 69, 69, 70]","[67, 63, 60, 62, 64, 65, 66, 69, 66, 64, 57]",midi/jazzdia-34.mid
35,Chet Baker,There Will Never Be Another You,74,F-maj,tp,COOL,168.7,MEDIUM UP,SWING,4/4,132,146,146,156,39.88607709750567,43.3649433106576,43.4969387755102,46.19609977324263,14,10,"[67, 65, 67, 65, 67, 65, 67, 65, 67, 65, 68, 65, 68, 65]","[67, 65, 67, 65, 67, 65, 76, 74, 76, 74]",midi/jazzdia-35.mid
36,Chet Baker,There Will Never Be Another You,74,F-maj,tp,COOL,168.7,MEDIUM UP,SWING,4/4,132,148,148,179,39.88607709750567,43.94160997732426,43.9765306122449,50.976507936507936,16,31,"[67, 65, 67, 65, 67, 65, 67, 65, 67, 65, 68, 65, 68, 65, 67, 65]","[67, 65, 67, 65, 76, 74, 76, 74, 79, 76, 74, 72, 74, 76, 77, 76, 77, 76, 74, 73, 72, 62, 65, 70, 67, 68, 69, 67, 65, 62, 62]",midi/jazzdia-36.mid
37,Chet Baker,Two's Blues,76,G-min,tp,COOL,202.2,UP,SWING,4/4,118,124,124,162,48.90408163265306,51.04489795918367,51.107142857142854,58.591201814058955,6,38,"[81, 77, 74, 70, 74, 77]","[81, 77, 74, 75, 74, 73, 74, 77, 75, 72, 74, 75, 79, 77, 76, 75, 74, 72, 70, 69, 70, 72, 74, 70, 65, 69, 70, 68, 66, 67, 69, 70, 72, 74, 77, 75, 77, 79]",midi/jazzdia-37.mid
38,Chris Potter,Arjuna,79,D-chrom,ts,FUSION,117.7,MEDIUM,FUNK,4/4,912,919,919,926,174.96961451247165,175.84036281179138,176.15238095238095,177.49913832199547,7,7,"[76, 78, 81, 76, 78, 76, 78]","[76, 78, 81, 81, 83, 78, 78]",midi/jazzdia-38.mid
39,Chris Potter,Arjuna,79,D-chrom,ts,FUSION,117.7,MEDIUM,FUNK,4/4,951,961,961,970,182.05605442176872,183.83265306122448,184.15,185.9387755102041,10,9,"[76, 78, 81, 76, 78, 81, 83, 78, 78, 78]","[81, 78, 76, 81, 78, 75, 73, 71, 71]",midi/jazzdia-39.mid
40,Chris Potter,In a Sentimental Mood,80,D-min,ts,POSTBOP,48.6,SLOW,SWING,4/4,203,211,211,221,59.546122448979595,61.273106575963716,61.872471655328795,63.77215419501134,8,10,"[62, 62, 62, 62, 65, 60, 58, 57]","[65, 67, 64, 65, 62, 65, 60, 58, 57, 55]",midi/jazzdia-40.mid
41,Chris Potter,Rumples,83,F-min,ts,FUSION,134.9,MEDIUM,FUNK,4/4,283,297,297,311,50.00734693877551,51.57151927437642,51.916326530612245,53.38666666666666,14,14,"[71, 68, 70, 71, 70, 67, 69, 70, 69, 66, 68, 69, 68, 65]","[67, 68, 69, 70, 66, 67, 68, 70, 71, 68, 69, 71, 72, 68]",midi/jazzdia-41.mid
42,Chris Potter,Togo,84,F-min,ts,FUSION,112.0,MEDIUM,FUNK,4/4,291,304,304,318,72.85306122448979,75.60816326530613,76.03673469387755,79.0,13,14,"[69, 67, 65, 69, 67, 65, 67, 65, 62, 65, 67, 67, 67]","[69, 67, 65, 69, 67, 65, 72, 70, 69, 67, 65, 67, 67, 67]",midi/jazzdia-42.mid
43,Chris Potter,Togo,84,F-min,ts,FUSION,112.0,MEDIUM,FUNK,4/4,382,389,389,397,93.61632653061224,94.91836734693878,95.26530612244898,96.50204081632653,7,8,"[67, 69, 67, 67, 65, 65, 65]","[62, 65, 67, 65, 65, 62, 62, 62]",midi/jazzdia-43.mid
44,Chris Potter,Togo,84,F-min,ts,FUSION,112.0,MEDIUM,FUNK,4/4,887,897,897,908,186.5265306122449,189.0448979591837,189.71020408163264,192.12244897959184,10,11,"[81, 79, 58, 62, 67, 62, 72, 70, 67, 62]","[55, 58, 60, 62, 62, 67, 72, 67, 72, 70, 67]",midi/jazzdia-44.mid
45,Clifford Brown,Joy Spring,93,F-maj,tp,HARDBOP,161.0,MEDIUM UP,SWING,4/4,348,365,365,379,72.87346938775511,76.63265306122449,76.8265306122449,79.3620634920635,17,14,"[69, 72, 75, 72, 73, 74, 79, 74, 72, 68, 67, 69, 70, 64, 65, 62, 64]","[71, 72, 77, 72, 70, 68, 69, 65, 67, 68, 62, 63, 60, 62]",midi/jazzdia-45.mid
46,Coleman Hawkins,Body and Soul,96,Db-maj,ts,SWING,95.0,MEDIUM SLOW,SWING,4/4,564,572,572,581,154.1795918367347,156.31020408163266,156.68571428571428,158.82448979591837,8,9,"[58, 58, 64, 71, 76, 70, 64, 58]","[58, 58, 65, 70, 77, 70, 65, 60, 58]",midi/jazzdia-46.mid
47,Coleman Hawkins,Sophisticated Lady,100,Ab-maj,ts,SWING,67.6,SLOW,SWING,4/4,171,180,180,187,60.06421768707483,61.71573696145125,61.811519274376415,63.47174603174603,9,7,"[63, 60, 67, 65, 63, 64, 63, 61, 60]","[51, 53, 48, 50, 51, 53, 55]",midi/jazzdia-47.mid
48,Coleman Hawkins,Sophisticated Lady,100,Ab-maj,ts,SWING,67.6,SLOW,SWING,4/4,180,187,187,196,61.811519274376415,63.47174603174603,63.579138321995465,65.48607709750567,7,9,"[51, 53, 48, 50, 51, 53, 55]","[55, 53, 54, 63, 62, 63, 62, 60, 59]",midi/jazzdia-48.mid
49,David Liebman,Secret Love,112,Eb-maj,ts,POSTBOP,272.7,UP,LATIN,4/4,263,270,270,279,54.20612244897959,55.99387755102041,56.27501133786848,57.955555555555556,7,9,"[67, 70, 68, 67, 79, 78, 77]","[70, 69, 68, 67, 78, 79, 77, 70, 77]",midi/jazzdia-49.mid
50,David Liebman,Secret Love,112,Eb-maj,ts,POSTBOP,272.7,UP,LATIN,4/4,586,594,594,602,117.25510204081633,119.39183673469388,120.76530612244898,122.89183673469388,8,8,"[62, 63, 62, 61, 59, 58, 54, 52]","[60, 61, 60, 59, 56, 52, 51, 50]",midi/jazzdia-50.mid
51,Dexter Gordon,Society Red,124,Bb-maj,ts,HARDBOP,113.7,MEDIUM,SWING,4/4,209,220,220,235,46.295918367346935,49.00816326530612,50.02448979591837,53.816326530612244,11,15,"[68, 65, 70, 71, 73, 71, 68, 65, 65, 65, 68]","[68, 65, 70, 72, 70, 68, 65, 68, 65, 65, 68, 65, 68, 65, 58]",midi/jazzdia-51.mid
52,Dexter Gordon,Society Red,124,Bb-maj,ts,HARDBOP,113.7,MEDIUM,SWING,4/4,269,276,276,287,67.34081632653061,69.52857142857142,71.48775510204082,74.48961451247166,7,11,"[68, 65, 70, 68, 68, 65, 68]","[68, 65, 70, 68, 68, 68, 67, 68, 65, 63, 65]",midi/jazzdia-52.mid
53,Dexter Gordon,Society Red,124,Bb-maj,ts,HARDBOP,113.7,MEDIUM,SWING,4/4,276,287,287,298,71.48775510204082,74.48961451247166,75.61632653061224,78.8085260770975,11,11,"[68, 65, 70, 68, 68, 68, 67, 68, 65, 63, 65]","[68, 65, 67, 70, 76, 77, 69, 70, 68, 65, 68]",midi/jazzdia-53.mid
54,Don Byas,Cognac Blues,141,F-maj,ts,SWING,115.9,MEDIUM,SWING,4/4,0,7,7,15,4.818140589569161,6.507392290249433,6.925351473922903,8.678458049886622,7,8,"[53, 56, 58, 55, 58, 57, 53]","[53, 56, 58, 57, 58, 57, 60, 59]",midi/jazzdia-54.mid
55,Don Ellis,Sweet and Lovely,150,C-maj,tp,POSTBOP,134.1,MEDIUM,SWING,4/4,0,9,9,20,5.595918367346939,8.257142857142856,10.528798185941042,13.286167800453514,9,11,"[59, 60, 62, 64, 67, 68, 69, 74, 67]","[59, 60, 62, 64, 67, 70, 72, 73, 75, 76, 68]",midi/jazzdia-55.mid
56,Eric Dolphy,245,153,F-maj,as,POSTBOP,71.2,SLOW,SWING,4/4,315,324,324,336,61.27600907029478,62.67936507936508,62.743219954648524,64.20172335600907,9,12,"[72, 72, 70, 72, 75, 72, 70, 68, 65]","[70, 72, 72, 72, 71, 72, 75, 72, 70, 68, 65, 68]",midi/jazzdia-56.mid
57,Eric Dolphy,245,153,F-maj,as,POSTBOP,71.2,SLOW,SWING,4/4,481,492,492,508,91.54387755102042,93.40102040816326,93.65408163265306,95.72551020408163,11,16,"[73, 75, 76, 75, 76, 75, 76, 73, 75, 76, 72]","[74, 75, 74, 75, 74, 75, 74, 75, 77, 76, 72, 70, 68, 65, 60, 65]",midi/jazzdia-57.mid
58,Freddie Hubbard,Society Red,169,F-maj,tp,HARDBOP,113.6,MEDIUM,SWING,4/4,26,36,36,50,20.128798185941044,21.82965986394558,22.255102040816325,24.818367346938775,10,14,"[74, 77, 79, 77, 79, 77, 79, 77, 80, 77]","[74, 77, 77, 77, 79, 77, 79, 77, 80, 77, 79, 77, 74, 72]",midi/jazzdia-58.mid
59,Freddie Hubbard,Society Red,169,F-maj,tp,HARDBOP,113.6,MEDIUM,SWING,4/4,129,138,138,147,58.14795918367347,59.810204081632655,60.220408163265304,61.88235827664399,9,9,"[75, 83, 83, 77, 80, 80, 77, 80, 82]","[71, 83, 83, 77, 80, 80, 77, 80, 82]",midi/jazzdia-59.mid
60,Freddie Hubbard,Speak No Evil,170,C-min,tp,POSTBOP,143.2,MEDIUM UP,SWING,4/4,8,18,18,31,10.665215419501134,13.091700680272108,14.13079365079365,18.042857142857144,10,13,"[78, 77, 78, 77, 78, 77, 77, 72, 75, 77]","[78, 77, 75, 72, 77, 75, 72, 68, 71, 70, 72, 70, 67]",midi/jazzdia-60.mid
61,Gerry Mulligan,Line for Lyons,173,Bb-maj,bs,COOL,173.1,MEDIUM UP,SWING,4/4,108,116,116,125,29.59285714285714,31.726530612244897,32.68621315192744,34.553061224489795,8,9,"[62, 64, 62, 61, 62, 64, 65, 60]","[62, 60, 59, 60, 62, 63, 65, 67, 60]",midi/jazzdia-61.mid
62,Gerry Mulligan,This Can't Be Love,176,Ab-maj,bs,COOL,269.1,UP,SWING,4/4,141,149,149,157,28.705668934240364,30.682267573696148,31.49206349206349,32.99555555555556,8,8,"[60, 61, 60, 63, 60, 61, 60, 56]","[63, 63, 61, 59, 60, 56, 58, 56]",midi/jazzdia-62.mid
63,Gerry Mulligan,This Can't Be Love,176,Ab-maj,bs,COOL,269.1,UP,SWING,4/4,702,716,716,725,129.82421768707482,131.41020408163266,131.84285714285716,133.00390022675737,14,9,"[63, 64, 60, 62, 64, 60, 62, 60, 62, 60, 58, 56, 54, 53]","[60, 62, 60, 65, 60, 62, 60, 56, 53]",midi/jazzdia-63.mid
64,Hank Mobley,Soul Station,181,Eb-maj,ts,HARDBOP,101.6,MEDIUM SLOW,SWING,4/4,68,79,79,90,24.642176870748298,26.610068027210882,27.036734693877552,28.91174603174603,11,11,"[60, 58, 63, 65, 66, 67, 68, 70, 66, 67, 63]","[57, 59, 62, 63, 65, 66, 67, 72, 65, 67, 63]",midi/jazzdia-64.mid
65,Hank Mobley,Soul Station,181,Eb-maj,ts,HARDBOP,101.6,MEDIUM SLOW,SWING,4/4,435,447,447,455,127.11183673469388,128.96943310657596,129.62539682539682,131.2391836734694,12,8,"[63, 67, 70, 68, 65, 63, 61, 68, 65, 63, 63, 63]","[63, 66, 63, 66, 65, 66, 63, 63]",midi/jazzdia-65.mid
66,J.J. Johnson,Crazy Rhythm,192,F-maj,tb,BEBOP,277.3,UP,SWING,4/4,104,113,113,122,28.9,30.82857142857143,31.67142857142857,33.67755102040817,9,9,"[65, 64, 65, 60, 65, 65, 60, 69, 69]","[69, 69, 62, 69, 69, 62, 65, 65, 60]",midi/jazzdia-66.mid
67,J.J. Johnson,Elora,193,Bb-maj,tb,BEBOP,196.9,UP,SWING,4/4,53,63,63,75,23.761224489795918,25.744897959183675,27.306122448979593,30.46530612244898,10,12,"[70, 68, 65, 63, 60, 58, 56, 60, 62, 65]","[70, 67, 65, 63, 70, 70, 66, 65, 63, 61, 62, 65]",midi/jazzdia-67.mid
68,Joe Henderson,Totem Pole,204,Eb-min,ts,POSTBOP,137.6,MEDIUM,SWING,4/4,18,28,28,42,12.20498866213152,13.975510204081633,14.467120181405896,17.240816326530613,10,14,"[62, 61, 59, 62, 61, 59, 62, 61, 59, 58]","[56, 54, 56, 58, 58, 56, 54, 58, 56, 54, 58, 56, 54, 51]",midi/jazzdia-68.mid
69,John Coltrane,Bessie's Blues,216,Eb-maj,ts,POSTBOP,184.3,UP,SWING,4/4,0,7,7,14,4.504671201814059,6.826530612244897,6.846938775510204,7.904943310657597,7,7,"[70, 68, 70, 63, 67, 68, 70]","[63, 66, 63, 68, 66, 70, 63]",midi/jazzdia-69.mid
70,John Coltrane,Body and Soul,220,Db-maj,ts,POSTBOP,141.6,MEDIUM UP,SWING,4/4,223,231,231,241,62.78367346938776,65.42244897959183,65.93469387755103,68.92448979591836,8,10,"[69, 69, 67, 65, 67, 69, 69, 69]","[68, 69, 69, 68, 69, 70, 70, 73, 72, 73]",midi/jazzdia-70.mid
71,John Coltrane,Impressions,225,D-min,ts,POSTBOP,278.7,UP,SWING,4/4,205,213,213,229,44.751020408163264,47.6,48.295918367346935,51.33163265306123,8,16,"[71, 69, 71, 69, 71, 69, 65, 62]","[71, 69, 71, 69, 71, 71, 69, 71, 69, 71, 69, 65, 65, 62, 58, 65]",midi/jazzdia-71.mid
72,John Coltrane,My Favorite Things,227,E-min,ss,POSTBOP,179.3,MEDIUM UP,SWING,3/4,324,342,342,358,74.7827664399093,76.3980045351474,76.8711111111111,79.47142857142858,18,16,"[66, 67, 69, 70, 73, 74, 76, 79, 83, 85, 84, 83, 85, 86, 85, 83, 80, 78]","[71, 73, 74, 78, 81, 83, 85, 84, 83, 85, 86, 85, 83, 80, 78, 74]",midi/jazzdia-72.mid
73,John Coltrane,Nature Boy,229,E-min,ts,POSTBOP,186.1,UP,SWING,4/4,5,13,13,22,7.75546485260771,12.346938775510205,13.077551020408164,19.032653061224487,8,9,"[71, 69, 70, 71, 69, 67, 70, 71]","[69, 67, 69, 71, 69, 67, 64, 67, 64]",midi/jazzdia-73.mid
74,John Coltrane,Nature Boy,229,E-min,ts,POSTBOP,186.1,UP,SWING,4/4,369,383,383,396,98.84009070294785,100.25941043083901,100.54820861678004,102.11410430839003,14,13,"[69, 71, 68, 70, 72, 69, 72, 69, 71, 73, 71, 69, 66, 62]","[69, 71, 68, 65, 69, 71, 73, 71, 73, 69, 65, 63, 62]",midi/jazzdia-74.mid
75,John Coltrane,So What,233,D-maj,ts,POSTBOP,141.6,MEDIUM UP,SWING,4/4,359,373,373,388,86.40816326530613,89.45079365079366,90.01224489795918,93.44897959183675,14,15,"[53, 56, 54, 56, 58, 60, 61, 63, 63, 63, 65, 66, 68, 58]","[60, 61, 63, 63, 63, 64, 65, 61, 63, 68, 67, 65, 63, 61, 63]",midi/jazzdia-75.mid
76,Johnny Dodds,Heebie Jeebies,236,Ab-maj,cl,TRADITIONAL,165.8,MEDIUM UP,TWOBEAT,4/4,81,94,94,106,23.873015873015873,26.499773242630386,26.73469387755102,29.149750566893424,13,12,"[74, 80, 77, 74, 73, 79, 77, 73, 72, 71, 70, 69, 77]","[74, 80, 77, 74, 73, 79, 73, 72, 71, 72, 73, 72]",midi/jazzdia-76.mid
77,Joshua Redman,Blues on Sunday,243,Eb-maj,ts,POSTBOP,132.7,MEDIUM,SWING,4/4,29,42,42,55,10.916281179138322,13.598185941043084,14.70984126984127,17.327891156462588,13,13,"[51, 54, 56, 58, 60, 61, 58, 51, 55, 56, 51, 54, 51]","[65, 61, 63, 61, 58, 51, 49, 56, 57, 51, 53, 54, 51]",midi/jazzdia-77.mid
78,Kenny Dorham,Blues in Be-Bop,249,Eb-maj,tp,BEBOP,186.7,UP,SWING,4/4,79,90,90,101,18.039727891156463,20.072244897959184,20.59469387755102,22.153061224489797,11,11,"[70, 72, 73, 75, 73, 72, 70, 73, 70, 73, 70]","[70, 72, 73, 67, 70, 73, 72, 73, 72, 71, 70]",midi/jazzdia-78.mid
79,Kenny Dorham,Doodlin',250,Db-maj,tp,HARDBOP,121.1,MEDIUM,SWING,4/4,0,7,7,14,6.420408163265306,7.834693877551021,8.395918367346939,9.869387755102041,7,7,"[68, 70, 73, 75, 73, 70, 73]","[66, 70, 73, 76, 73, 70, 73]",midi/jazzdia-79.mid
80,Kenny Dorham,Doodlin',250,Db-maj,tp,HARDBOP,121.1,MEDIUM,SWING,4/4,7,14,14,25,8.395918367346939,9.869387755102041,10.186303854875284,13.39501133786848,7,11,"[66, 70, 73, 76, 73, 70, 73]","[68, 70, 73, 76, 77, 73, 70, 73, 70, 68, 63]",midi/jazzdia-80.mid
81,Kid Ory,Who's it,265,C-maj,tb,TRADITIONAL,211.6,UP,TWOBEAT,4/4,39,47,47,56,20.691836734693876,24.331609977324263,25.234285714285715,28.542857142857144,8,9,"[52, 53, 54, 55, 65, 64, 56, 57]","[53, 54, 55, 56, 60, 64, 62, 60, 60]",midi/jazzdia-81.mid
82,Lee Morgan,The Sidewinder,276,Eb-maj,tp,HARDBOP,156.3,MEDIUM UP,LATIN,4/4,47,61,61,78,16.361360544217685,19.57732426303855,19.727551020408164,23.979591836734695,14,17,"[68, 68, 68, 68, 68, 68, 68, 66, 68, 70, 66, 63, 63, 63]","[65, 68, 68, 68, 68, 68, 66, 68, 68, 70, 63, 70, 68, 67, 63, 61, 63]",midi/jazzdia-82.mid
83,Lester Young,Dickie's Dream,282,C-min,ts,SWING,229.3,UP,SWING,4/4,127,135,135,145,31.742857142857144,33.35306122448979,33.587755102040816,35.16326530612245,8,10,"[55, 63, 55, 57, 62, 55, 57, 60]","[54, 57, 63, 55, 57, 62, 60, 55, 51, 55]",midi/jazzdia-83.mid
84,Lester Young,Dickie's Dream,282,C-min,ts,SWING,229.3,UP,SWING,4/4,127,135,135,157,31.742857142857144,33.35306122448979,33.587755102040816,36.88775510204081,8,22,"[55, 63, 55, 57, 62, 55, 57, 60]","[54, 57, 63, 55, 57, 62, 60, 55, 51, 55, 48, 51, 52, 54, 56, 57, 58, 60, 55, 53, 56, 53]",midi/jazzdia-84.mid
85,Lionel Hampton,Dinah,286,Ab-maj,vib,SWING,199.5,UP,SWING,4/4,167,174,174,185,38.40580498866213,40.432925170068025,40.816326530612244,44.16122448979592,7,11,"[68, 68, 71, 68, 65, 63, 68]","[68, 68, 71, 68, 65, 64, 63, 68, 71, 68, 71]",midi/jazzdia-85.mid
86,Louis Armstrong,Basin Street Blues,291,Bb-maj,tp,TRADITIONAL,107.2,MEDIUM SLOW,TWOBEAT,4/4,70,81,81,90,21.17514739229025,23.42167800453515,23.7,25.996190476190478,11,9,"[65, 64, 67, 65, 70, 74, 77, 81, 81, 81, 74]","[81, 74, 81, 74, 82, 74, 81, 81, 74]",midi/jazzdia-86.mid
87,Louis Armstrong,Basin Street Blues,291,Bb-maj,tp,TRADITIONAL,107.2,MEDIUM SLOW,TWOBEAT,4/4,170,177,177,185,51.875510204081635,53.72108843537415,54.15764172335601,55.952834467120184,7,8,"[69, 72, 72, 70, 70, 69, 67]","[67, 68, 70, 69, 69, 67, 69, 67]",midi/jazzdia-87.mid
88,Louis Armstrong,Once in a While,297,F-maj,cor,TRADITIONAL,197.7,UP,TWOBEAT,4/4,139,149,149,159,32.793832199546486,34.835736961451246,35.175328798185944,37.24480725623582,10,10,"[72, 76, 73, 72, 72, 69, 69, 71, 72, 67]","[68, 76, 73, 71, 73, 71, 72, 72, 67, 64]",midi/jazzdia-88.mid
89,Louis Armstrong,Once in a While,297,F-maj,cor,TRADITIONAL,197.7,UP,TWOBEAT,4/4,159,168,168,180,37.60181405895692,39.87156462585034,40.10956916099773,42.46349206349206,9,12,"[74, 74, 72, 74, 72, 74, 74, 71, 72]","[74, 74, 72, 74, 72, 69, 74, 72, 69, 72, 72, 75]",midi/jazzdia-89.mid
90,Michael Brecker,Midnight Voyage,303,C-min,ts,POSTBOP,125.6,MEDIUM,SWING,4/4,358,367,367,376,102.22421768707483,103.60521541950114,104.12700680272108,105.42780045351473,9,9,"[45, 52, 55, 59, 49, 52, 55, 59, 54]","[46, 51, 54, 58, 51, 54, 58, 61, 53]",midi/jazzdia-90.mid
91,Miles Davis,Blues by Five,313,Bb-maj,tp,HARDBOP,177.9,MEDIUM UP,SWING,4/4,21,28,28,35,12.813061224489797,14.714648526077097,15.577755102040816,17.564308390022674,7,7,"[73, 74, 73, 74, 75, 72, 65]","[72, 72, 73, 74, 70, 65, 58]",midi/jazzdia-91.mid
92,Miles Davis,Eighty-One,316,F-maj,tp,POSTBOP,138.3,MEDIUM,SWING,4/4,241,252,252,268,87.79591836734694,91.34285714285714,92.0671201814059,95.92653061224489,11,16,"[77, 79, 77, 75, 72, 70, 69, 70, 68, 65, 67]","[77, 79, 77, 75, 72, 65, 68, 70, 69, 70, 70, 70, 68, 71, 70, 71]",midi/jazzdia-92.mid
93,Miles Davis,Vierd Blues,326,Bb-maj,tp,HARDBOP,114.7,MEDIUM,SWING,4/4,89,98,98,107,51.35612244897959,53.59891156462585,55.23646258503401,57.74387755102041,9,9,"[66, 67, 66, 67, 66, 67, 66, 67, 70]","[63, 67, 66, 67, 66, 67, 66, 67, 70]",midi/jazzdia-93.mid
94,Ornette Coleman,Chronology,337,,as,FREE,236.0,UP,SWING,,549,556,556,564,127.23374149659864,128.26993197278912,128.80689342403628,129.89242630385488,7,8,"[72, 71, 63, 60, 70, 67, 69]","[72, 73, 72, 71, 67, 70, 65, 68]",midi/jazzdia-94.mid
95,Ornette Coleman,Chronology,337,,as,FREE,236.0,UP,SWING,,564,572,572,581,131.0418140589569,133.25931972789115,134.08362811791383,135.9267120181406,8,9,"[65, 68, 70, 71, 72, 72, 68, 65]","[65, 68, 70, 71, 72, 75, 77, 72, 65]",midi/jazzdia-95.mid
96,Paul Desmond,Alone Together,348,C-min,as,COOL,199.9,UP,SWING,4/4,0,8,8,16,3.554829931972789,4.776054421768707,5.203061224489796,6.545850340136054,8,8,"[62, 59, 55, 58, 63, 65, 67, 65]","[67, 63, 65, 67, 68, 69, 71, 69]",midi/jazzdia-96.mid
97,Paul Desmond,Bossa Antigua,350,Ab-maj,as,COOL,191.6,UP,LATIN,4/4,27,37,37,46,11.488072562358276,14.030657596371881,14.210612244897959,16.4281179138322,10,9,"[60, 63, 65, 66, 65, 63, 60, 61, 72, 70]","[67, 68, 70, 67, 63, 61, 60, 70, 68]",midi/jazzdia-97.mid
98,Pepper Adams,A Night in Tunisia,354,D-min,bs,HARDBOP,127.7,MEDIUM,LATIN,4/4,433,440,440,447,60.42965986394558,61.04489795918368,61.17845804988662,61.79081632653061,7,7,"[63, 61, 53, 55, 57, 60, 58]","[64, 62, 54, 56, 57, 60, 59]",midi/jazzdia-98.mid
99,Sonny Rollins,The Everywhere Calypso,388,C-maj,ts,POSTBOP,192.6,UP,LATIN,4/4,265,275,275,283,62.553061224489795,64.86938775510204,65.48571428571428,67.5439455782313,10,8,"[52, 55, 55, 55, 55, 55, 55, 55, 55, 57]","[57, 53, 53, 53, 53, 53, 53, 55]",midi/jazzdia-99.mid
100,Sonny Rollins,The Everywhere Calypso,388,C-maj,ts,POSTBOP,192.6,UP,LATIN,4/4,283,292,292,301,67.72448979591837,69.8,70.24326530612245,72.28371882086168,9,9,"[55, 55, 55, 52, 52, 52, 57, 55, 53]","[53, 50, 48, 47, 47, 47, 50, 47, 48]",midi/jazzdia-100.mid
101,Sonny Stitt,Body and Soul,393,Db-maj,as,BEBOP,67.7,SLOW,BALLAD,4/4,115,123,123,132,40.010884353741496,40.89179138321995,41.749478458049886,42.85242630385488,8,9,"[58, 63, 65, 66, 68, 73, 77, 75]","[57, 62, 64, 65, 66, 69, 71, 76, 74]",midi/jazzdia-101.mid
102,Sonny Stitt,Body and Soul,393,Db-maj,as,BEBOP,67.7,SLOW,BALLAD,4/4,315,323,323,331,89.89895691609978,91.55918367346939,91.65206349206349,93.99147392290249,8,8,"[60, 64, 67, 68, 71, 69, 64, 68]","[56, 60, 63, 64, 67, 65, 58, 63]",midi/jazzdia-102.mid
103,Stan Getz,My Funny Valentine,402,F-min,ts,COOL,130.7,MEDIUM,SWING,4/4,0,7,7,15,4.995918367346939,7.783673469387756,8.568163265306122,11.481632653061224,7,8,"[65, 67, 68, 65, 67, 60, 65]","[65, 67, 67, 68, 65, 67, 65, 61]",midi/jazzdia-103.mid
104,Stan Getz,My Funny Valentine,402,F-min,ts,COOL,130.7,MEDIUM,SWING,4/4,38,50,50,61,17.494784580498866,21.960272108843537,22.073469387755104,26.0324716553288,12,11,"[72, 60, 68, 65, 68, 68, 68, 68, 64, 60, 56, 52]","[68, 65, 68, 68, 67, 65, 64, 65, 67, 68, 65]",midi/jazzdia-104.mid
105,Stan Getz,My Funny Valentine,402,F-min,ts,COOL,130.7,MEDIUM,SWING,4/4,132,146,146,153,47.589297052154194,51.53378684807256,52.21297052154195,54.105396825396824,14,7,"[60, 59, 56, 53, 56, 58, 52, 55, 56, 58, 60, 64, 60, 56]","[59, 60, 59, 56, 52, 55, 53]",midi/jazzdia-105.mid
106,Stan Getz,My Funny Valentine,402,F-min,ts,COOL,130.7,MEDIUM,SWING,4/4,250,259,259,268,84.3784126984127,87.4550566893424,88.41868480725624,91.00480725623582,9,9,"[67, 68, 65, 60, 56, 59, 58, 59, 58]","[70, 72, 68, 65, 60, 59, 56, 59, 58]",midi/jazzdia-106.mid
107,Stan Getz,My Funny Valentine,402,F-min,ts,COOL,130.7,MEDIUM,SWING,4/4,523,529,529,535,172.9407709750567,174.058231292517,174.52959183673468,175.42965986394557,6,6,"[63, 65, 68, 70, 72, 75]","[63, 65, 68, 70, 72, 75]",midi/jazzdia-107.mid
108,Stan Getz,My Funny Valentine,402,F-min,ts,COOL,130.7,MEDIUM,SWING,4/4,616,632,632,654,199.75836734693877,201.51074829931974,201.51437641723356,204.11138321995466,16,22,"[55, 56, 58, 60, 61, 60, 58, 56, 55, 56, 58, 60, 61, 60, 58, 56]","[55, 56, 58, 60, 61, 60, 58, 55, 56, 55, 53, 55, 56, 58, 59, 60, 61, 60, 59, 58, 59, 58]",midi/jazzdia-108.mid
109,Steve Coleman,Slipped again,409,F-maj,as,POSTBOP,131.6,MEDIUM,SWING,4/4,0,12,12,27,2.9591836734693877,7.134693877551021,7.96734693877551,12.024489795918369,12,15,"[55, 58, 60, 63, 65, 67, 70, 72, 70, 69, 69, 67]","[55, 58, 56, 58, 60, 63, 65, 68, 70, 72, 72, 77, 75, 72, 70]",midi/jazzdia-109.mid
110,Von Freeman,Pass It On,422,C-min,ts,FUSION,105.9,MEDIUM SLOW,FUNK,4/4,159,172,172,184,50.06530612244898,51.95102040816327,52.310204081632655,53.97551020408163,13,12,"[68, 67, 66, 68, 64, 66, 63, 68, 67, 69, 68, 70, 71]","[68, 67, 66, 71, 63, 66, 63, 69, 68, 69, 70, 73]",midi/jazzdia-110.mid
111,Wayne Shorter,Adam's Apple,426,Ab-mix,ts,POSTBOP,174.4,MEDIUM UP,LATIN,4/4,119,126,126,134,39.20253968253968,41.09081632653061,41.97877551020408,43.89795918367347,7,8,"[64, 65, 68, 68, 70, 68, 70]","[63, 65, 68, 68, 65, 68, 70, 70]",midi/jazzdia-111.mid
112,Wayne Shorter,Adam's Apple,426,Ab-mix,ts,POSTBOP,174.4,MEDIUM UP,LATIN,4/4,126,134,134,143,41.97877551020408,43.89795918367347,44.72453514739229,46.586734693877546,8,9,"[63, 65, 68, 68, 65, 68, 70, 70]","[63, 65, 68, 68, 68, 64, 63, 62, 59]",midi/jazzdia-112.mid
113,Wayne Shorter,Footprints,431,C-min,ts,POSTBOP,136.1,MEDIUM,SWING,6/4,324,332,332,344,104.94,106.1122902494331,106.96530612244898,108.72598639455782,8,12,"[63, 67, 72, 70, 65, 63, 58, 55]","[60, 63, 67, 72, 70, 67, 65, 63, 58, 55, 53, 55]",midi/jazzdia-113.mid
114,Wayne Shorter,Infant Eyes,432,Eb-chrom,ts,POSTBOP,51.3,SLOW,BALLAD,4/4,0,9,9,18,9.83469387755102,12.564897959183673,14.605351473922903,19.609251700680275,9,9,"[66, 67, 69, 72, 67, 71, 72, 70, 67]","[67, 70, 72, 70, 67, 65, 60, 58, 62]",midi/jazzdia-114.mid
